"繁對簡",,,
"简体","码值","繁体","码值"
"皑","7691","皚","769A"
"蔼","853C","藹","85F9"
"碍","788D","礙","7919"
"爱","7231","愛","611B"
"袄","8884","襖","8956"
"奥","5965","奧","5967"
"坝","575D","壩","58E9"
"罢","7F62","罷","7F77"
"摆","6446","擺","64FA"
"败","8D25","敗","6557"
"颁","9881","頒","9812"
"办","529E","辦","8FA6"
"绊","7ECA","絆","7D46"
"帮","5E2E","幫","5E6B"
"绑","7ED1","綁","7D81"
"镑","9551","鎊","938A"
"谤","8C24","謗","8B17"
"剥","5265","剝","525D"
"饱","9971","飽","98FD"
"宝","5B9D","寶","5BF6"
"报","62A5","報","5831"
"鲍","9C8D","鮑","9B91"
"辈","8F88","輩","8F29"
"贝","8D1D","貝","8C9D"
"钡","94A1","鋇","92C7"
"狈","72C8","狽","72FD"
"备","5907","備","5099"
"惫","60EB","憊","618A"
"绷","7EF7","繃","7E43"
"笔","7B14","筆","7B46"
"毕","6BD5","畢","7562"
"毙","6BD9","斃","6583"
"币","5E01","幣","5E63"
"闭","95ED","閉","9589"
"边","8FB9","邊","908A"
"编","7F16","編","7DE8"
"贬","8D2C","貶","8CB6"
"变","53D8","變","8B8A"
"辩","8FA9","辯","8FAF"
"辫","8FAB","辮","8FAE"
"标","6807","標","6A19"
"鳖","9CD6","鱉","9C49"
"别","522B","別","5225"
"瘪","762A","癟","765F"
"濒","6FD2","瀕","7015"
"滨","6EE8","濱","6FF1"
"宾","5BBE","賓","8CD3"
"摈","6448","擯","64EF"
"饼","997C","餅","9905"
"并","5E76","並","4E26"
"拨","62E8","撥","64A5"
"钵","94B5","缽","7F3D"
"铂","94C2","鉑","9251"
"驳","9A73","駁","99C1"
"卜","535C","蔔","8514"
"补","8865","補","88DC"
"财","8D22","財","8CA1"
"参","53C2","參","53C3"
"蚕","8695","蠶","8836"
"残","6B8B","殘","6B98"
"惭","60ED","慚","615A"
"惨","60E8","慘","6158"
"灿","707F","燦","71E6"
"苍","82CD","蒼","84BC"
"舱","8231","艙","8259"
"仓","4ED3","倉","5009"
"沧","6CA7","滄","6EC4"
"厕","5395","廁","5EC1"
"侧","4FA7","側","5074"
"册","518C","冊","518A"
"测","6D4B","測","6E2C"
"层","5C42","層","5C64"
"诧","8BE7","詫","8A6B"
"搀","6400","攙","6519"
"掺","63BA","摻","647B"
"蝉","8749","蟬","87EC"
"馋","998B","饞","995E"
"谗","8C17","讒","8B92"
"缠","7F20","纏","7E8F"
"铲","94F2","鏟","93DF"
"产","4EA7","產","7522"
"阐","9610","闡","95E1"
"颤","98A4","顫","986B"
"场","573A","場","5834"
"尝","5C1D","嘗","5617"
"长","957F","長","9577"
"偿","507F","償","511F"
"肠","80A0","腸","8178"
"厂","5382","廠","5EE0"
"畅","7545","暢","66A2"
"钞","949E","鈔","9214"
"车","8F66","車","8ECA"
"彻","5F7B","徹","5FB9"
"尘","5C18","塵","5875"
"陈","9648","陳","9673"
"衬","886C","襯","896F"
"撑","6491","撐","6490"
"称","79F0","稱","7A31"
"惩","60E9","懲","61F2"
"诚","8BDA","誠","8AA0"
"骋","9A8B","騁","9A01"
"痴","75F4","癡","7661"
"迟","8FDF","遲","9072"
"驰","9A70","馳","99B3"
"耻","803B","恥","6065"
"齿","9F7F","齒","9F52"
"炽","70BD","熾","71BE"
"冲","51B2","沖","6C96"
"虫","866B","蟲","87F2"
"宠","5BA0","寵","5BF5"
"畴","7574","疇","7587"
"踌","8E0C","躊","8E8A"
"筹","7B79","籌","7C4C"
"绸","7EF8","綢","7DA2"
"丑","4E11","醜","919C"
"橱","6A71","櫥","6AE5"
"厨","53A8","廚","5EDA"
"锄","9504","鋤","92E4"
"雏","96CF","雛","96DB"
"础","7840","礎","790E"
"储","50A8","儲","5132"
"触","89E6","觸","89F8"
"处","5904","處","8655"
"传","4F20","傳","50B3"
"疮","75AE","瘡","7621"
"闯","95EF","闖","95D6"
"创","521B","創","5275"
"锤","9524","錘","9318"
"纯","7EAF","純","7D14"
"绰","7EF0","綽","7DBD"
"辞","8F9E","辭","8FAD"
"词","8BCD","詞","8A5E"
"赐","8D50","賜","8CDC"
"聪","806A","聰","8070"
"葱","8471","蔥","8525"
"囱","56F1","囪","56EA"
"从","4ECE","從","5F9E"
"丛","4E1B","叢","53E2"
"凑","51D1","湊","6E4A"
"蹿","8E7F","躥","8EA5"
"窜","7A9C","竄","7AC4"
"错","9519","錯","932F"
"达","8FBE","達","9054"
"带","5E26","帶","5E36"
"贷","8D37","貸","8CB8"
"担","62C5","擔","64D4"
"单","5355","單","55AE"
"郸","90F8","鄲","9132"
"掸","63B8","撣","64A3"
"胆","80C6","膽","81BD"
"惮","60EE","憚","619A"
"诞","8BDE","誕","8A95"
"弹","5F39","彈","5F48"
"当","5F53","當","7576"
"挡","6321","擋","64CB"
"党","515A","黨","9EE8"
"荡","8361","蕩","8569"
"档","6863","檔","6A94"
"捣","6363","搗","6417"
"岛","5C9B","島","5CF6"
"祷","7977","禱","79B1"
"导","5BFC","導","5C0E"
"盗","76D7","盜","76DC"
"灯","706F","燈","71C8"
"邓","9093","鄧","9127"
"敌","654C","敵","6575"
"涤","6DA4","滌","6ECC"
"递","9012","遞","905E"
"缔","7F14","締","7DE0"
"颠","98A0","顛","985B"
"点","70B9","點","9EDE"
"垫","57AB","墊","588A"
"电","7535","電","96FB"
"淀","6DC0","澱","6FB1"
"钓","9493","釣","91E3"
"调","8C03","調","8ABF"
"谍","8C0D","諜","8ADC"
"叠","53E0","疊","758A"
"钉","9489","釘","91D8"
"顶","9876","頂","9802"
"锭","952D","錠","9320"
"订","8BA2","訂","8A02"
"丢","4E22","丟","4E1F"
"东","4E1C","東","6771"
"动","52A8","動","52D5"
"栋","680B","棟","68DF"
"冻","51BB","凍","51CD"
"斗","6597","鬥","9B25"
"犊","728A","犢","72A2"
"独","72EC","獨","7368"
"读","8BFB","讀","8B80"
"赌","8D4C","賭","8CED"
"镀","9540","鍍","934D"
"锻","953B","鍛","935B"
"断","65AD","斷","65B7"
"缎","7F0E","緞","7DDE"
"兑","5151","兌","514C"
"队","961F","隊","968A"
"对","5BF9","對","5C0D"
"吨","5428","噸","5678"
"顿","987F","頓","9813"
"钝","949D","鈍","920D"
"夺","593A","奪","596A"
"堕","5815","墮","58AE"
"鹅","9E45","鵝","9D5D"
"额","989D","額","984D"
"讹","8BB9","訛","8A1B"
"恶","6076","惡","60E1"
"饿","997F","餓","9913"
"儿","513F","兒","5152"
"尔","5C14","爾","723E"
"饵","9975","餌","990C"
"贰","8D30","貳","8CB3"
"发","53D1","發","767C"
"罚","7F5A","罰","7F70"
"阀","9600","閥","95A5"
"珐","73D0","琺","743A"
"矾","77FE","礬","792C"
"钒","9492","釩","91E9"
"烦","70E6","煩","7169"
"范","8303","範","7BC4"
"贩","8D29","販","8CA9"
"饭","996D","飯","98EF"
"访","8BBF","訪","8A2A"
"纺","7EBA","紡","7D21"
"飞","98DE","飛","98DB"
"诽","8BFD","誹","8AB9"
"废","5E9F","廢","5EE2"
"费","8D39","費","8CBB"
"纷","7EB7","紛","7D1B"
"坟","575F","墳","58B3"
"奋","594B","奮","596E"
"愤","6124","憤","61A4"
"粪","7CAA","糞","7CDE"
"丰","4E30","豐","8C50"
"枫","67AB","楓","6953"
"锋","950B","鋒","92D2"
"风","98CE","風","98A8"
"疯","75AF","瘋","760B"
"冯","51AF","馮","99AE"
"缝","7F1D","縫","7E2B"
"讽","8BBD","諷","8AF7"
"凤","51E4","鳳","9CF3"
"肤","80A4","膚","819A"
"辐","8F90","輻","8F3B"
"抚","629A","撫","64AB"
"辅","8F85","輔","8F14"
"赋","8D4B","賦","8CE6"
"复","590D","複","8907"
"负","8D1F","負","8CA0"
"讣","8BA3","訃","8A03"
"妇","5987","婦","5A66"
"缚","7F1A","縛","7E1B"
"该","8BE5","該","8A72"
"钙","9499","鈣","9223"
"盖","76D6","蓋","84CB"
"干","5E72","幹","5E79"
"赶","8D76","趕","8D95"
"秆","79C6","稈","7A08"
"赣","8D63","贛","8D1B"
"冈","5188","岡","5CA1"
"刚","521A","剛","525B"
"钢","94A2","鋼","92FC"
"纲","7EB2","綱","7DB1"
"岗","5C97","崗","5D17"
"镐","9550","鎬","93AC"
"搁","6401","擱","64F1"
"鸽","9E3D","鴿","9D3F"
"阁","9601","閣","95A3"
"铬","94EC","鉻","927B"
"个","4E2A","個","500B"
"给","7ED9","給","7D66"
"龚","9F9A","龔","9F94"
"宫","5BAB","宮","5BAE"
"巩","5DE9","鞏","978F"
"贡","8D21","貢","8CA2"
"钩","94A9","鉤","9264"
"沟","6C9F","溝","6E9D"
"构","6784","構","69CB"
"购","8D2D","購","8CFC"
"够","591F","夠","5920"
"蛊","86CA","蠱","8831"
"顾","987E","顧","9867"
"剐","5250","剮","526E"
"挂","6302","掛","639B"
"关","5173","關","95DC"
"观","89C2","觀","89C0"
"馆","9986","館","9928"
"惯","60EF","慣","6163"
"贯","8D2F","貫","8CAB"
"广","5E7F","廣","5EE3"
"规","89C4","規","898F"
"硅","7845","矽","77FD"
"归","5F52","歸","6B78"
"龟","9F9F","龜","9F9C"
"闺","95FA","閨","95A8"
"轨","8F68","軌","8ECC"
"诡","8BE1","詭","8A6D"
"柜","67DC","櫃","6AC3"
"贵","8D35","貴","8CB4"
"刽","523D","劊","528A"
"辊","8F8A","輥","8F25"
"滚","6EDA","滾","6EFE"
"锅","9505","鍋","934B"
"国","56FD","國","570B"
"过","8FC7","過","904E"
"骇","9A87","駭","99ED"
"韩","97E9","韓","97D3"
"汉","6C49","漢","6F22"
"号","53F7","號","865F"
"阂","9602","閡","95A1"
"鹤","9E64","鶴","9DB4"
"贺","8D3A","賀","8CC0"
"横","6A2A","橫","6A6B"
"轰","8F70","轟","8F5F"
"鸿","9E3F","鴻","9D3B"
"红","7EA2","紅","7D05"
"后","540E","後","5F8C"
"壶","58F6","壺","58FA"
"护","62A4","護","8B77"
"沪","6CAA","滬","6EEC"
"户","6237","戶","6236"
"哗","54D7","嘩","5629"
"华","534E","華","83EF"
"画","753B","畫","756B"
"划","5212","劃","5283"
"话","8BDD","話","8A71"
"怀","6000","懷","61F7"
"坏","574F","壞","58DE"
"欢","6B22","歡","6B61"
"环","73AF","環","74B0"
"还","8FD8","還","9084"
"缓","7F13","緩","7DE9"
"换","6362","換","63DB"
"唤","5524","喚","559A"
"痪","75EA","瘓","7613"
"焕","7115","煥","7165"
"涣","6DA3","渙","6E19"
"黄","9EC4","黃","9EC3"
"谎","8C0E","謊","8B0A"
"挥","6325","揮","63EE"
"辉","8F89","輝","8F1D"
"毁","6BC1","毀","6BC0"
"贿","8D3F","賄","8CC4"
"秽","79FD","穢","7A62"
"会","4F1A","會","6703"
"烩","70E9","燴","71F4"
"汇","6C47","匯","532F"
"讳","8BB3","諱","8AF1"
"诲","8BF2","誨","8AA8"
"绘","7ED8","繪","7E6A"
"荤","8364","葷","8477"
"浑","6D51","渾","6E3E"
"伙","4F19","夥","5925"
"获","83B7","獲","7372"
"货","8D27","貨","8CA8"
"祸","7978","禍","798D"
"击","51FB","擊","64CA"
"机","673A","機","6A5F"
"积","79EF","積","7A4D"
"饥","9965","饑","9951"
"迹","8FF9","跡","8DE1"
"讥","8BA5","譏","8B4F"
"鸡","9E21","雞","96DE"
"绩","7EE9","績","7E3E"
"缉","7F09","緝","7DDD"
"极","6781","極","6975"
"辑","8F91","輯","8F2F"
"级","7EA7","級","7D1A"
"挤","6324","擠","64E0"
"几","51E0","幾","5E7E"
"蓟","84DF","薊","858A"
"剂","5242","劑","5291"
"济","6D4E","濟","6FDF"
"计","8BA1","計","8A08"
"记","8BB0","記","8A18"
"际","9645","際","969B"
"继","7EE7","繼","7E7C"
"纪","7EAA","紀","7D00"
"夹","5939","夾","593E"
"荚","835A","莢","83A2"
"颊","988A","頰","9830"
"贾","8D3E","賈","8CC8"
"钾","94BE","鉀","9240"
"价","4EF7","價","50F9"
"驾","9A7E","駕","99D5"
"歼","6B7C","殲","6BB2"
"监","76D1","監","76E3"
"坚","575A","堅","5805"
"笺","7B3A","箋","7B8B"
"间","95F4","間","9593"
"艰","8270","艱","8271"
"缄","7F04","緘","7DD8"
"茧","8327","繭","7E6D"
"检","68C0","檢","6AA2"
"碱","78B1","堿","583F"
"硷","7877","鹼","9E7C"
"拣","62E3","揀","63C0"
"捡","6361","撿","64BF"
"简","7B80","簡","7C21"
"俭","4FED","儉","5109"
"减","51CF","減","6E1B"
"荐","8350","薦","85A6"
"槛","69DB","檻","6ABB"
"鉴","9274","鑒","9452"
"践","8DF5","踐","8E10"
"贱","8D31","賤","8CE4"
"见","89C1","見","898B"
"键","952E","鍵","9375"
"舰","8230","艦","8266"
"剑","5251","劍","528D"
"饯","996F","餞","991E"
"渐","6E10","漸","6F38"
"溅","6E85","濺","6FFA"
"涧","6DA7","澗","6F97"
"将","5C06","將","5C07"
"浆","6D46","漿","6F3F"
"蒋","848B","蔣","8523"
"桨","6868","槳","69F3"
"奖","5956","獎","734E"
"讲","8BB2","講","8B1B"
"酱","9171","醬","91AC"
"胶","80F6","膠","81A0"
"浇","6D47","澆","6F86"
"骄","9A84","驕","9A55"
"娇","5A07","嬌","5B0C"
"搅","6405","攪","652A"
"铰","94F0","鉸","9278"
"矫","77EB","矯","77EF"
"侥","4FA5","僥","50E5"
"脚","811A","腳","8173"
"饺","997A","餃","9903"
"缴","7F34","繳","7E73"
"绞","7EDE","絞","7D5E"
"轿","8F7F","轎","8F4E"
"较","8F83","較","8F03"
"阶","9636","階","968E"
"节","8282","節","7BC0"
"杰","6770","傑","5091"
"洁","6D01","潔","6F54"
"结","7ED3","結","7D50"
"诫","8BEB","誡","8AA1"
"届","5C4A","屆","5C46"
"紧","7D27","緊","7DCA"
"锦","9526","錦","9326"
"仅","4EC5","僅","50C5"
"谨","8C28","謹","8B39"
"进","8FDB","進","9032"
"晋","664B","晉","6649"
"烬","70EC","燼","71FC"
"尽","5C3D","盡","76E1"
"劲","52B2","勁","52C1"
"荆","8346","荊","834A"
"茎","830E","莖","8396"
"鲸","9CB8","鯨","9BE8"
"惊","60CA","驚","9A5A"
"经","7ECF","經","7D93"
"颈","9888","頸","9838"
"静","9759","靜","975C"
"镜","955C","鏡","93E1"
"径","5F84","徑","5F91"
"痉","75C9","痙","75D9"
"竞","7ADE","競","7AF6"
"净","51C0","淨","6DE8"
"纠","7EA0","糾","7CFE"
"厩","53A9","廄","5EC4"
"旧","65E7","舊","820A"
"驹","9A79","駒","99D2"
"举","4E3E","舉","8209"
"据","636E","據","64DA"
"锯","952F","鋸","92F8"
"惧","60E7","懼","61FC"
"剧","5267","劇","5287"
"鹃","9E43","鵑","9D51"
"绢","7EE2","絹","7D79"
"觉","89C9","覺","89BA"
"决","51B3","決","6C7A"
"诀","8BC0","訣","8A23"
"绝","7EDD","絕","7D55"
"钧","94A7","鈞","921E"
"军","519B","軍","8ECD"
"骏","9A8F","駿","99FF"
"开","5F00","開","958B"
"凯","51EF","凱","51F1"
"颗","9897","顆","9846"
"壳","58F3","殼","6BBC"
"课","8BFE","課","8AB2"
"垦","57A6","墾","58BE"
"恳","6073","懇","61C7"
"抠","62A0","摳","6473"
"库","5E93","庫","5EAB"
"裤","88E4","褲","8932"
"夸","5938","誇","8A87"
"块","5757","塊","584A"
"侩","4FA9","儈","5108"
"宽","5BBD","寬","5BEC"
"矿","77FF","礦","7926"
"旷","65F7","曠","66E0"
"况","51B5","況","6CC1"
"亏","4E8F","虧","8667"
"岿","5CBF","巋","5DCB"
"窥","7AA5","窺","7ABA"
"馈","9988","饋","994B"
"溃","6E83","潰","6F70"
"扩","6269","擴","64F4"
"阔","9614","闊","95CA"
"蜡","8721","蠟","881F"
"腊","814A","臘","81D8"
"莱","83B1","萊","840A"
"来","6765","來","4F86"
"赖","8D56","賴","8CF4"
"蓝","84DD","藍","85CD"
"栏","680F","欄","6B04"
"拦","62E6","攔","6514"
"篮","7BEE","籃","7C43"
"阑","9611","闌","95CC"
"兰","5170","蘭","862D"
"澜","6F9C","瀾","703E"
"谰","8C30","讕","8B95"
"揽","63FD","攬","652C"
"览","89C8","覽","89BD"
"懒","61D2","懶","61F6"
"缆","7F06","纜","7E9C"
"烂","70C2","爛","721B"
"滥","6EE5","濫","6FEB"
"捞","635E","撈","6488"
"劳","52B3","勞","52DE"
"涝","6D9D","澇","6F87"
"乐","4E50","樂","6A02"
"镭","956D","鐳","9433"
"垒","5792","壘","58D8"
"类","7C7B","類","985E"
"泪","6CEA","淚","6DDA"
"篱","7BF1","籬","7C6C"
"离","79BB","離","96E2"
"里","91CC","裏","88CF"
"鲤","9CA4","鯉","9BC9"
"礼","793C","禮","79AE"
"丽","4E3D","麗","9E97"
"厉","5389","厲","53B2"
"励","52B1","勵","52F5"
"砾","783E","礫","792B"
"历","5386","曆","66C6"
"沥","6CA5","瀝","701D"
"隶","96B6","隸","96B8"
"俩","4FE9","倆","5006"
"联","8054","聯","806F"
"莲","83B2","蓮","84EE"
"连","8FDE","連","9023"
"镰","9570","鐮","942E"
"怜","601C","憐","6190"
"涟","6D9F","漣","6F23"
"帘","5E18","簾","7C3E"
"敛","655B","斂","6582"
"脸","8138","臉","81C9"
"链","94FE","鏈","93C8"
"恋","604B","戀","6200"
"炼","70BC","煉","7149"
"练","7EC3","練","7DF4"
"粮","7CAE","糧","7CE7"
"凉","51C9","涼","6DBC"
"两","4E24","兩","5169"
"辆","8F86","輛","8F1B"
"谅","8C05","諒","8AD2"
"疗","7597","療","7642"
"辽","8FBD","遼","907C"
"镣","9563","鐐","9410"
"猎","730E","獵","7375"
"临","4E34","臨","81E8"
"邻","90BB","鄰","9130"
"鳞","9CDE","鱗","9C57"
"凛","51DB","凜","51DC"
"赁","8D41","賃","8CC3"
"龄","9F84","齡","9F61"
"铃","94C3","鈴","9234"
"凌","51CC","淩","6DE9"
"灵","7075","靈","9748"
"岭","5CAD","嶺","5DBA"
"领","9886","領","9818"
"馏","998F","餾","993E"
"刘","5218","劉","5289"
"龙","9F99","龍","9F8D"
"聋","804B","聾","807E"
"咙","5499","嚨","56A8"
"笼","7B3C","籠","7C60"
"垄","5784","壟","58DF"
"拢","62E2","攏","650F"
"陇","9647","隴","96B4"
"楼","697C","樓","6A13"
"娄","5A04","婁","5A41"
"搂","6402","摟","645F"
"篓","7BD3","簍","7C0D"
"芦","82A6","蘆","8606"
"卢","5362","盧","76E7"
"颅","9885","顱","9871"
"庐","5E90","廬","5EEC"
"炉","7089","爐","7210"
"掳","63B3","擄","64C4"
"卤","5364","鹵","9E75"
"虏","864F","虜","865C"
"鲁","9C81","魯","9B6F"
"赂","8D42","賂","8CC2"
"禄","7984","祿","797F"
"录","5F55","錄","9304"
"陆","9646","陸","9678"
"驴","9A74","驢","9A62"
"吕","5415","呂","5442"
"铝","94DD","鋁","92C1"
"侣","4FA3","侶","4FB6"
"屡","5C61","屢","5C62"
"缕","7F15","縷","7E37"
"虑","8651","慮","616E"
"滤","6EE4","濾","6FFE"
"绿","7EFF","綠","7DA0"
"峦","5CE6","巒","5DD2"
"挛","631B","攣","6523"
"孪","5B6A","孿","5B7F"
"滦","6EE6","灤","7064"
"乱","4E71","亂","4E82"
"抡","62A1","掄","6384"
"轮","8F6E","輪","8F2A"
"伦","4F26","倫","502B"
"仑","4ED1","侖","4F96"
"沦","6CA6","淪","6DEA"
"纶","7EB6","綸","7DB8"
"论","8BBA","論","8AD6"
"萝","841D","蘿","863F"
"罗","7F57","羅","7F85"
"逻","903B","邏","908F"
"锣","9523","鑼","947C"
"箩","7BA9","籮","7C6E"
"骡","9AA1","騾","9A3E"
"骆","9A86","駱","99F1"
"络","7EDC","絡","7D61"
"妈","5988","媽","5ABD"
"玛","739B","瑪","746A"
"码","7801","碼","78BC"
"蚂","8682","螞","879E"
"马","9A6C","馬","99AC"
"骂","9A82","罵","7F75"
"吗","5417","嗎","55CE"
"买","4E70","買","8CB7"
"麦","9EA6","麥","9EA5"
"卖","5356","賣","8CE3"
"迈","8FC8","邁","9081"
"脉","8109","脈","8108"
"瞒","7792","瞞","779E"
"馒","9992","饅","9945"
"蛮","86EE","蠻","883B"
"满","6EE1","滿","6EFF"
"谩","8C29","謾","8B3E"
"猫","732B","貓","8C93"
"锚","951A","錨","9328"
"铆","94C6","鉚","925A"
"贸","8D38","貿","8CBF"
"么","4E48","麼","9EBC"
"霉","9709","黴","9EF4"
"没","6CA1","沒","6C92"
"镁","9541","鎂","9382"
"门","95E8","門","9580"
"闷","95F7","悶","60B6"
"们","4EEC","們","5011"
"锰","9530","錳","9333"
"梦","68A6","夢","5922"
"谜","8C1C","謎","8B0E"
"弥","5F25","彌","5F4C"
"觅","89C5","覓","8993"
"幂","5E42","冪","51AA"
"绵","7EF5","綿","7DBF"
"缅","7F05","緬","7DEC"
"庙","5E99","廟","5EDF"
"灭","706D","滅","6EC5"
"悯","60AF","憫","61AB"
"闽","95FD","閩","95A9"
"鸣","9E23","鳴","9CF4"
"铭","94ED","銘","9298"
"谬","8C2C","謬","8B2C"
"谋","8C0B","謀","8B00"
"亩","4EA9","畝","755D"
"钠","94A0","鈉","9209"
"纳","7EB3","納","7D0D"
"难","96BE","難","96E3"
"挠","6320","撓","6493"
"脑","8111","腦","8166"
"恼","607C","惱","60F1"
"闹","95F9","鬧","9B27"
"馁","9981","餒","9912"
"内","5185","內","5167"
"拟","62DF","擬","64EC"
"腻","817B","膩","81A9"
"撵","64B5","攆","6506"
"捻","637B","撚","649A"
"酿","917F","釀","91C0"
"鸟","9E1F","鳥","9CE5"
"聂","8042","聶","8076"
"啮","556E","齧","9F67"
"镊","954A","鑷","9477"
"镍","954D","鎳","93B3"
"柠","67E0","檸","6AB8"
"狞","72DE","獰","7370"
"宁","5B81","甯","752F"
"拧","62E7","擰","64F0"
"泞","6CDE","濘","6FD8"
"钮","94AE","鈕","9215"
"纽","7EBD","紐","7D10"
"脓","8113","膿","81BF"
"浓","6D53","濃","6FC3"
"农","519C","農","8FB2"
"疟","759F","瘧","7627"
"诺","8BFA","諾","8AFE"
"欧","6B27","歐","6B50"
"鸥","9E25","鷗","9DD7"
"殴","6BB4","毆","6BC6"
"呕","5455","嘔","5614"
"沤","6CA4","漚","6F1A"
"盘","76D8","盤","76E4"
"庞","5E9E","龐","9F90"
"抛","629B","拋","62CB"
"赔","8D54","賠","8CE0"
"喷","55B7","噴","5674"
"鹏","9E4F","鵬","9D6C"
"骗","9A97","騙","9A19"
"飘","98D8","飄","98C4"
"频","9891","頻","983B"
"贫","8D2B","貧","8CA7"
"苹","82F9","蘋","860B"
"凭","51ED","憑","6191"
"评","8BC4","評","8A55"
"泼","6CFC","潑","6F51"
"颇","9887","頗","9817"
"扑","6251","撲","64B2"
"铺","94FA","鋪","92EA"
"仆","4EC6","僕","50D5"
"朴","6734","樸","6A38"
"谱","8C31","譜","8B5C"
"栖","6816","棲","68F2"
"凄","51C4","淒","6DD2"
"脐","8110","臍","81CD"
"齐","9F50","齊","9F4A"
"骑","9A91","騎","9A0E"
"岂","5C82","豈","8C48"
"启","542F","啟","555F"
"气","6C14","氣","6C23"
"弃","5F03","棄","68C4"
"讫","8BAB","訖","8A16"
"牵","7275","牽","727D"
"扦","6266","扡","6261"
"钎","948E","釺","91FA"
"铅","94C5","鉛","925B"
"迁","8FC1","遷","9077"
"签","7B7E","簽","7C3D"
"谦","8C26","謙","8B19"
"钱","94B1","錢","9322"
"钳","94B3","鉗","9257"
"潜","6F5C","潛","6F5B"
"浅","6D45","淺","6DFA"
"谴","8C34","譴","8B74"
"堑","5811","塹","5879"
"枪","67AA","槍","69CD"
"呛","545B","嗆","55C6"
"墙","5899","牆","7246"
"蔷","8537","薔","8594"
"强","5F3A","強","5F37"
"抢","62A2","搶","6436"
"锹","9539","鍬","936C"
"桥","6865","橋","6A4B"
"乔","4E54","喬","55AC"
"侨","4FA8","僑","50D1"
"翘","7FD8","翹","7FF9"
"窍","7A8D","竅","7AC5"
"窃","7A83","竊","7ACA"
"钦","94A6","欽","6B3D"
"亲","4EB2","親","89AA"
"寝","5BDD","寢","5BE2"
"轻","8F7B","輕","8F15"
"氢","6C22","氫","6C2B"
"倾","503E","傾","50BE"
"顷","9877","頃","9803"
"请","8BF7","請","8ACB"
"庆","5E86","慶","6176"
"琼","743C","瓊","74CA"
"穷","7A77","窮","7AAE"
"趋","8D8B","趨","8DA8"
"区","533A","區","5340"
"躯","8EAF","軀","8EC0"
"驱","9A71","驅","9A45"
"龋","9F8B","齲","9F72"
"颧","98A7","顴","9874"
"权","6743","權","6B0A"
"劝","529D","勸","52F8"
"却","5374","卻","537B"
"鹊","9E4A","鵲","9D72"
"确","786E","確","78BA"
"让","8BA9","讓","8B93"
"饶","9976","饒","9952"
"扰","6270","擾","64FE"
"绕","7ED5","繞","7E5E"
"热","70ED","熱","71B1"
"韧","97E7","韌","97CC"
"认","8BA4","認","8A8D"
"纫","7EAB","紉","7D09"
"荣","8363","榮","69AE"
"绒","7ED2","絨","7D68"
"软","8F6F","軟","8EDF"
"锐","9510","銳","92B3"
"闰","95F0","閏","958F"
"润","6DA6","潤","6F64"
"洒","6D12","灑","7051"
"萨","8428","薩","85A9"
"鳃","9CC3","鰓","9C13"
"赛","8D5B","賽","8CFD"
"叁","53C1","三","4E09"
"伞","4F1E","傘","5098"
"丧","4E27","喪","55AA"
"骚","9A9A","騷","9A37"
"扫","626B","掃","6383"
"涩","6DA9","澀","6F80"
"杀","6740","殺","6BBA"
"纱","7EB1","紗","7D17"
"筛","7B5B","篩","7BE9"
"晒","6652","曬","66EC"
"删","5220","刪","522A"
"闪","95EA","閃","9583"
"陕","9655","陝","965D"
"赡","8D61","贍","8D0D"
"缮","7F2E","繕","7E55"
"伤","4F24","傷","50B7"
"赏","8D4F","賞","8CDE"
"烧","70E7","燒","71D2"
"绍","7ECD","紹","7D39"
"赊","8D4A","賒","8CD2"
"摄","6444","攝","651D"
"慑","6151","懾","61FE"
"设","8BBE","設","8A2D"
"绅","7EC5","紳","7D33"
"审","5BA1","審","5BE9"
"婶","5A76","嬸","5B38"
"肾","80BE","腎","814E"
"渗","6E17","滲","6EF2"
"声","58F0","聲","8072"
"绳","7EF3","繩","7E69"
"胜","80DC","勝","52DD"
"圣","5723","聖","8056"
"师","5E08","師","5E2B"
"狮","72EE","獅","7345"
"湿","6E7F","濕","6FD5"
"诗","8BD7","詩","8A69"
"尸","5C38","屍","5C4D"
"时","65F6","時","6642"
"蚀","8680","蝕","8755"
"实","5B9E","實","5BE6"
"识","8BC6","識","8B58"
"驶","9A76","駛","99DB"
"势","52BF","勢","52E2"
"适","9002","適","9069"
"释","91CA","釋","91CB"
"饰","9970","飾","98FE"
"视","89C6","視","8996"
"试","8BD5","試","8A66"
"寿","5BFF","壽","58FD"
"兽","517D","獸","7378"
"枢","67A2","樞","6A1E"
"输","8F93","輸","8F38"
"书","4E66","書","66F8"
"赎","8D4E","贖","8D16"
"属","5C5E","屬","5C6C"
"术","672F","術","8853"
"树","6811","樹","6A39"
"竖","7AD6","豎","8C4E"
"数","6570","數","6578"
"帅","5E05","帥","5E25"
"双","53CC","雙","96D9"
"谁","8C01","誰","8AB0"
"税","7A0E","稅","7A05"
"顺","987A","順","9806"
"说","8BF4","說","8AAA"
"硕","7855","碩","78A9"
"烁","70C1","爍","720D"
"丝","4E1D","絲","7D72"
"饲","9972","飼","98FC"
"耸","8038","聳","8073"
"怂","6002","慫","616B"
"颂","9882","頌","980C"
"讼","8BBC","訟","8A1F"
"诵","8BF5","誦","8AA6"
"擞","64DE","擻","64FB"
"苏","82CF","蘇","8607"
"诉","8BC9","訴","8A34"
"肃","8083","肅","8085"
"虽","867D","雖","96D6"
"随","968F","隨","96A8"
"绥","7EE5","綏","7D8F"
"岁","5C81","歲","6B72"
"孙","5B59","孫","5B6B"
"损","635F","損","640D"
"笋","7B0B","筍","7B4D"
"缩","7F29","縮","7E2E"
"琐","7410","瑣","7463"
"锁","9501","鎖","9396"
"獭","736D","獺","737A"
"挞","631E","撻","64BB"
"态","6001","態","614B"
"摊","644A","攤","6524"
"贪","8D2A","貪","8CAA"
"瘫","762B","癱","7671"
"滩","6EE9","灘","7058"
"坛","575B","壇","58C7"
"谭","8C2D","譚","8B5A"
"谈","8C08","談","8AC7"
"叹","53F9","歎","6B4E"
"汤","6C64","湯","6E6F"
"烫","70EB","燙","71D9"
"涛","6D9B","濤","6FE4"
"绦","7EE6","絛","7D5B"
"讨","8BA8","討","8A0E"
"腾","817E","騰","9A30"
"誊","8A8A","謄","8B04"
"锑","9511","銻","92BB"
"题","9898","題","984C"
"体","4F53","體","9AD4"
"屉","5C49","屜","5C5C"
"条","6761","條","689D"
"贴","8D34","貼","8CBC"
"铁","94C1","鐵","9435"
"厅","5385","廳","5EF3"
"听","542C","聽","807D"
"烃","70C3","烴","70F4"
"铜","94DC","銅","9285"
"统","7EDF","統","7D71"
"头","5934","頭","982D"
"秃","79C3","禿","79BF"
"图","56FE","圖","5716"
"涂","6D82","塗","5857"
"团","56E2","團","5718"
"颓","9893","頹","9839"
"蜕","8715","蛻","86FB"
"脱","8131","脫","812B"
"鸵","9E35","鴕","9D15"
"驮","9A6E","馱","99B1"
"驼","9A7C","駝","99DD"
"椭","692D","橢","6A62"
"洼","6D3C","窪","7AAA"
"袜","889C","襪","896A"
"弯","5F2F","彎","5F4E"
"湾","6E7E","灣","7063"
"顽","987D","頑","9811"
"万","4E07","萬","842C"
"网","7F51","網","7DB2"
"韦","97E6","韋","97CB"
"违","8FDD","違","9055"
"围","56F4","圍","570D"
"为","4E3A","為","70BA"
"潍","6F4D","濰","6FF0"
"维","7EF4","維","7DAD"
"苇","82C7","葦","8466"
"伟","4F1F","偉","5049"
"伪","4F2A","偽","507D"
"纬","7EAC","緯","7DEF"
"谓","8C13","謂","8B02"
"卫","536B","衛","885B"
"温","6E29","溫","6EAB"
"闻","95FB","聞","805E"
"纹","7EB9","紋","7D0B"
"稳","7A33","穩","7A69"
"问","95EE","問","554F"
"瓮","74EE","甕","7515"
"挝","631D","撾","64BE"
"蜗","8717","蝸","8778"
"涡","6DA1","渦","6E26"
"窝","7A9D","窩","7AA9"
"卧","5367","臥","81E5"
"呜","545C","嗚","55DA"
"钨","94A8","鎢","93A2"
"乌","4E4C","烏","70CF"
"污","6C61","汙","6C59"
"诬","8BEC","誣","8AA3"
"无","65E0","無","7121"
"芜","829C","蕪","856A"
"吴","5434","吳","5433"
"坞","575E","塢","5862"
"雾","96FE","霧","9727"
"务","52A1","務","52D9"
"误","8BEF","誤","8AA4"
"锡","9521","錫","932B"
"牺","727A","犧","72A7"
"袭","88AD","襲","8972"
"习","4E60","習","7FD2"
"铣","94E3","銑","9291"
"戏","620F","戲","6232"
"细","7EC6","細","7D30"
"虾","867E","蝦","8766"
"辖","8F96","轄","8F44"
"峡","5CE1","峽","5CFD"
"侠","4FA0","俠","4FE0"
"狭","72ED","狹","72F9"
"厦","53A6","廈","5EC8"
"吓","5413","嚇","5687"
"锨","9528","鍁","9341"
"鲜","9C9C","鮮","9BAE"
"纤","7EA4","纖","7E96"
"咸","54B8","鹹","9E79"
"贤","8D24","賢","8CE2"
"衔","8854","銜","929C"
"闲","95F2","閑","9591"
"显","663E","顯","986F"
"险","9669","險","96AA"
"现","73B0","現","73FE"
"献","732E","獻","737B"
"县","53BF","縣","7E23"
"馅","9985","餡","9921"
"羡","7FA1","羨","7FA8"
"宪","5BAA","憲","61B2"
"线","7EBF","線","7DDA"
"厢","53A2","廂","5EC2"
"镶","9576","鑲","9472"
"乡","4E61","鄉","9109"
"详","8BE6","詳","8A73"
"响","54CD","響","97FF"
"项","9879","項","9805"
"萧","8427","蕭","856D"
"嚣","56A3","囂","56C2"
"销","9500","銷","92B7"
"晓","6653","曉","66C9"
"啸","5578","嘯","562F"
"蝎","874E","蠍","880D"
"协","534F","協","5354"
"挟","631F","挾","633E"
"携","643A","攜","651C"
"胁","80C1","脅","8105"
"谐","8C10","諧","8AE7"
"写","5199","寫","5BEB"
"泻","6CFB","瀉","7009"
"谢","8C22","謝","8B1D"
"锌","950C","鋅","92C5"
"衅","8845","釁","91C1"
"兴","5174","興","8208"
"汹","6C79","洶","6D36"
"锈","9508","鏽","93FD"
"绣","7EE3","繡","7E61"
"虚","865A","虛","865B"
"嘘","5618","噓","5653"
"须","987B","須","9808"
"许","8BB8","許","8A31"
"叙","53D9","敘","6558"
"绪","7EEA","緒","7DD2"
"续","7EED","續","7E8C"
"轩","8F69","軒","8ED2"
"悬","60AC","懸","61F8"
"选","9009","選","9078"
"癣","7663","癬","766C"
"绚","7EDA","絢","7D62"
"学","5B66","學","5B78"
"勋","52CB","勳","52F3"
"询","8BE2","詢","8A62"
"寻","5BFB","尋","5C0B"
"驯","9A6F","馴","99B4"
"训","8BAD","訓","8A13"
"讯","8BAF","訊","8A0A"
"逊","900A","遜","905C"
"压","538B","壓","58D3"
"鸦","9E26","鴉","9D09"
"鸭","9E2D","鴨","9D28"
"哑","54D1","啞","555E"
"亚","4E9A","亞","4E9E"
"讶","8BB6","訝","8A1D"
"阉","9609","閹","95B9"
"烟","70DF","煙","7159"
"盐","76D0","鹽","9E7D"
"严","4E25","嚴","56B4"
"颜","989C","顏","984F"
"阎","960E","閻","95BB"
"艳","8273","豔","8C54"
"厌","538C","厭","53AD"
"砚","781A","硯","786F"
"彦","5F66","彥","5F65"
"谚","8C1A","諺","8AFA"
"验","9A8C","驗","9A57"
"鸯","9E2F","鴦","9D26"
"杨","6768","楊","694A"
"扬","626C","揚","63DA"
"疡","75A1","瘍","760D"
"阳","9633","陽","967D"
"痒","75D2","癢","7662"
"养","517B","養","990A"
"样","6837","樣","6A23"
"瑶","7476","瑤","7464"
"摇","6447","搖","6416"
"尧","5C27","堯","582F"
"遥","9065","遙","9059"
"窑","7A91","窯","7AAF"
"谣","8C23","謠","8B20"
"药","836F","藥","85E5"
"爷","7237","爺","723A"
"页","9875","頁","9801"
"业","4E1A","業","696D"
"叶","53F6","葉","8449"
"医","533B","醫","91AB"
"铱","94F1","銥","92A5"
"颐","9890","頤","9824"
"遗","9057","遺","907A"
"仪","4EEA","儀","5100"
"蚁","8681","蟻","87FB"
"艺","827A","藝","85DD"
"亿","4EBF","億","5104"
"忆","5FC6","憶","61B6"
"义","4E49","義","7FA9"
"诣","8BE3","詣","8A63"
"议","8BAE","議","8B70"
"谊","8C0A","誼","8ABC"
"译","8BD1","譯","8B6F"
"异","5F02","異","7570"
"绎","7ECE","繹","7E79"
"荫","836B","蔭","852D"
"阴","9634","陰","9670"
"银","94F6","銀","9280"
"饮","996E","飲","98F2"
"隐","9690","隱","96B1"
"樱","6A31","櫻","6AFB"
"婴","5A74","嬰","5B30"
"鹰","9E70","鷹","9DF9"
"应","5E94","應","61C9"
"缨","7F28","纓","7E93"
"莹","83B9","瑩","7469"
"萤","8424","螢","87A2"
"营","8425","營","71DF"
"荧","8367","熒","7192"
"蝇","8747","蠅","8805"
"赢","8D62","贏","8D0F"
"颖","9896","穎","7A4E"
"哟","54DF","喲","55B2"
"拥","62E5","擁","64C1"
"佣","4F63","傭","50AD"
"痈","75C8","癰","7670"
"踊","8E0A","踴","8E34"
"咏","548F","詠","8A60"
"涌","6D8C","湧","6E67"
"优","4F18","優","512A"
"忧","5FE7","憂","6182"
"邮","90AE","郵","90F5"
"铀","94C0","鈾","923E"
"犹","72B9","猶","7336"
"诱","8BF1","誘","8A98"
"舆","8206","輿","8F3F"
"鱼","9C7C","魚","9B5A"
"渔","6E14","漁","6F01"
"娱","5A31","娛","5A1B"
"与","4E0E","與","8207"
"屿","5C7F","嶼","5DBC"
"语","8BED","語","8A9E"
"吁","5401","籲","7C72"
"御","5FA1","禦","79A6"
"狱","72F1","獄","7344"
"誉","8A89","譽","8B7D"
"预","9884","預","9810"
"驭","9A6D","馭","99AD"
"鸳","9E33","鴛","9D1B"
"渊","6E0A","淵","6DF5"
"辕","8F95","轅","8F45"
"园","56ED","園","5712"
"员","5458","員","54E1"
"圆","5706","圓","5713"
"缘","7F18","緣","7DE3"
"远","8FDC","遠","9060"
"愿","613F","願","9858"
"约","7EA6","約","7D04"
"跃","8DC3","躍","8E8D"
"钥","94A5","鑰","9470"
"岳","5CB3","嶽","5DBD"
"粤","7CA4","粵","7CB5"
"悦","60A6","悅","6085"
"阅","9605","閱","95B1"
"云","4E91","雲","96F2"
"郧","90E7","鄖","9116"
"匀","5300","勻","52FB"
"陨","9668","隕","9695"
"运","8FD0","運","904B"
"蕴","8574","蘊","860A"
"酝","915D","醞","919E"
"晕","6655","暈","6688"
"韵","97F5","韻","97FB"
"杂","6742","雜","96DC"
"灾","707E","災","707D"
"载","8F7D","載","8F09"
"攒","6512","攢","6522"
"暂","6682","暫","66AB"
"赞","8D5E","贊","8D0A"
"赃","8D43","贓","8D13"
"脏","810F","髒","9AD2"
"凿","51FF","鑿","947F"
"枣","67A3","棗","68D7"
"责","8D23","責","8CAC"
"择","62E9","擇","64C7"
"则","5219","則","5247"
"泽","6CFD","澤","6FA4"
"贼","8D3C","賊","8CCA"
"赠","8D60","贈","8D08"
"扎","624E","紮","7D2E"
"札","672D","劄","5284"
"轧","8F67","軋","8ECB"
"铡","94E1","鍘","9358"
"闸","95F8","閘","9598"
"栅","6805","柵","67F5"
"诈","8BC8","詐","8A50"
"斋","658B","齋","9F4B"
"债","503A","債","50B5"
"毡","6BE1","氈","6C08"
"盏","76CF","盞","76DE"
"斩","65A9","斬","65AC"
"辗","8F97","輾","8F3E"
"崭","5D2D","嶄","5D84"
"栈","6808","棧","68E7"
"战","6218","戰","6230"
"绽","7EFD","綻","7DBB"
"张","5F20","張","5F35"
"涨","6DA8","漲","6F32"
"帐","5E10","帳","5E33"
"账","8D26","賬","8CEC"
"胀","80C0","脹","8139"
"赵","8D75","趙","8D99"
"蛰","86F0","蟄","87C4"
"辙","8F99","轍","8F4D"
"锗","9517","鍺","937A"
"这","8FD9","這","9019"
"贞","8D1E","貞","8C9E"
"针","9488","針","91DD"
"侦","4FA6","偵","5075"
"诊","8BCA","診","8A3A"
"镇","9547","鎮","93AE"
"阵","9635","陣","9663"
"挣","6323","掙","6399"
"睁","7741","睜","775C"
"狰","72F0","猙","7319"
"争","4E89","爭","722D"
"帧","5E27","幀","5E40"
"郑","90D1","鄭","912D"
"证","8BC1","證","8B49"
"织","7EC7","織","7E54"
"职","804C","職","8077"
"执","6267","執","57F7"
"纸","7EB8","紙","7D19"
"挚","631A","摯","646F"
"掷","63B7","擲","64F2"
"帜","5E1C","幟","5E5F"
"质","8D28","質","8CEA"
"滞","6EDE","滯","6EEF"
"钟","949F","鐘","9418"
"终","7EC8","終","7D42"
"种","79CD","種","7A2E"
"肿","80BF","腫","816B"
"众","4F17","眾","773E"
"诌","8BCC","謅","8B05"
"轴","8F74","軸","8EF8"
"皱","76B1","皺","76BA"
"昼","663C","晝","665D"
"骤","9AA4","驟","9A5F"
"猪","732A","豬","8C6C"
"诸","8BF8","諸","8AF8"
"诛","8BDB","誅","8A85"
"烛","70DB","燭","71ED"
"瞩","77A9","矚","77DA"
"嘱","5631","囑","56D1"
"贮","8D2E","貯","8CAF"
"铸","94F8","鑄","9444"
"筑","7B51","築","7BC9"
"驻","9A7B","駐","99D0"
"专","4E13","專","5C08"
"砖","7816","磚","78DA"
"转","8F6C","轉","8F49"
"赚","8D5A","賺","8CFA"
"桩","6869","樁","6A01"
"庄","5E84","莊","838A"
"装","88C5","裝","88DD"
"妆","5986","妝","599D"
"壮","58EE","壯","58EF"
"状","72B6","狀","72C0"
"锥","9525","錐","9310"
"赘","8D58","贅","8D05"
"坠","5760","墜","589C"
"缀","7F00","綴","7DB4"
"谆","8C06","諄","8AC4"
"着","7740","著","8457"
"浊","6D4A","濁","6FC1"
"兹","5179","茲","8332"
"资","8D44","資","8CC7"
"渍","6E0D","漬","6F2C"
"踪","8E2A","蹤","8E64"
"综","7EFC","綜","7D9C"
"总","603B","總","7E3D"
"纵","7EB5","縱","7E31"
"邹","90B9","鄒","9112"
"诅","8BC5","詛","8A5B"
"组","7EC4","組","7D44"
"钻","94BB","鑽","947D"
"亘","4E98","亙","4E99"
"鼗","9F17","鞀","9780"
"芈","8288","羋","7F8B"
"啬","556C","嗇","55C7"
"厍","538D","厙","5399"
"厣","53A3","厴","53B4"
"厮","53AE","廝","5EDD"
"靥","9765","靨","9768"
"赝","8D5D","贗","8D17"
"匦","5326","匭","532D"
"匮","532E","匱","5331"
"赜","8D5C","賾","8CFE"
"刭","522D","剄","5244"
"刿","523F","劌","528C"
"剀","5240","剴","5274"
"伛","4F1B","傴","50B4"
"伥","4F25","倀","5000"
"伧","4F27","傖","5096"
"伫","4F2B","佇","4F47"
"侪","4FAA","儕","5115"
"侬","4FAC","儂","5102"
"俦","4FE6","儔","5114"
"俨","4FE8","儼","513C"
"俪","4FEA","儷","5137"
"俣","4FE3","俁","4FC1"
"偾","507E","僨","50E8"
"偬","506C","傯","50AF"
"偻","507B","僂","50C2"
"傥","50A5","儻","513B"
"傧","50A7","儐","5110"
"傩","50A9","儺","513A"
"佥","4F65","僉","50C9"
"籴","7C74","糴","7CF4"
"黉","9EC9","黌","9ECC"
"冁","5181","囅","56C5"
"凫","51EB","鳧","9CE7"
"兖","5156","兗","5157"
"衮","886E","袞","889E"
"亵","4EB5","褻","893B"
"脔","8114","臠","81E0"
"禀","7980","稟","7A1F"
"冢","51A2","塚","585A"
"讠","8BA0","訁","8A01"
"讦","8BA6","訐","8A10"
"讧","8BA7","訌","8A0C"
"讪","8BAA","訕","8A15"
"讴","8BB4","謳","8B33"
"讵","8BB5","詎","8A4E"
"讷","8BB7","訥","8A25"
"诂","8BC2","詁","8A41"
"诃","8BC3","訶","8A36"
"诋","8BCB","詆","8A46"
"诏","8BCF","詔","8A54"
"诎","8BCE","詘","8A58"
"诒","8BD2","詒","8A52"
"诓","8BD3","誆","8A86"
"诔","8BD4","誄","8A84"
"诖","8BD6","詿","8A7F"
"诘","8BD8","詰","8A70"
"诙","8BD9","詼","8A7C"
"诜","8BDC","詵","8A75"
"诟","8BDF","詬","8A6C"
"诠","8BE0","詮","8A6E"
"诤","8BE4","諍","8ACD"
"诨","8BE8","諢","8AE2"
"诩","8BE9","詡","8A61"
"诮","8BEE","誚","8A9A"
"诰","8BF0","誥","8AA5"
"诳","8BF3","誑","8A91"
"诶","8BF6","誒","8A92"
"诹","8BF9","諏","8ACF"
"诼","8BFC","諑","8AD1"
"诿","8BFF","諉","8AC9"
"谀","8C00","諛","8ADB"
"谂","8C02","諗","8AD7"
"谄","8C04","諂","8AC2"
"谇","8C07","誶","8AB6"
"谌","8C0C","諶","8AF6"
"谏","8C0F","諫","8AEB"
"谑","8C11","謔","8B14"
"谒","8C12","謁","8B01"
"谔","8C14","諤","8AE4"
"谕","8C15","諭","8AED"
"谖","8C16","諼","8AFC"
"谙","8C19","諳","8AF3"
"谛","8C1B","諦","8AE6"
"谘","8C18","諮","8AEE"
"谝","8C1D","諞","8ADE"
"谟","8C1F","謨","8B28"
"谠","8C20","讜","8B9C"
"谡","8C21","謖","8B16"
"谥","8C25","諡","8AE1"
"谧","8C27","謐","8B10"
"谪","8C2A","謫","8B2B"
"谫","8C2B","譾","8B7E"
"谮","8C2E","譖","8B56"
"谯","8C2F","譙","8B59"
"谲","8C32","譎","8B4E"
"谳","8C33","讞","8B9E"
"谵","8C35","譫","8B6B"
"谶","8C36","讖","8B96"
"卺","537A","巹","5DF9"
"陉","9649","陘","9658"
"陧","9667","隉","9689"
"邝","909D","鄺","913A"
"邬","90AC","鄔","9114"
"邺","90BA","鄴","9134"
"郏","90CF","郟","90DF"
"郐","90D0","鄶","9136"
"郄","90C4","郤","90E4"
"郓","90D3","鄆","9106"
"郦","90E6","酈","9148"
"刍","520D","芻","82BB"
"奂","5942","奐","5950"
"劢","52A2","勱","52F1"
"勐","52D0","猛","731B"
"凼","51FC","氹","6C39"
"巯","5DEF","巰","5DF0"
"垩","57A9","堊","580A"
"圹","5739","壙","58D9"
"坜","575C","壢","58E2"
"坂","5742","阪","962A"
"垅","5785","壟","58DF"
"垆","5786","壚","58DA"
"垭","57AD","埡","57E1"
"垲","57B2","塏","584F"
"垧","57A7","坰","5770"
"垴","57B4","堖","5816"
"埘","57D8","塒","5852"
"埚","57DA","堝","581D"
"埙","57D9","塤","5864"
"埯","57EF","垵","57B5"
"埝","57DD","墊","588A"
"塬","586C","原","539F"
"艹","8279","艸","8278"
"芗","8297","薌","858C"
"苈","82C8","藶","85F6"
"苋","82CB","莧","83A7"
"苌","82CC","萇","8407"
"苁","82C1","蓯","84EF"
"苎","82CE","苧","82E7"
"茏","830F","蘢","8622"
"苘","82D8","檾","6ABE"
"茑","8311","蔦","8526"
"茔","8314","塋","584B"
"茕","8315","煢","7162"
"荛","835B","蕘","8558"
"荜","835C","蓽","84FD"
"荞","835E","蕎","854E"
"荟","835F","薈","8588"
"荠","8360","薺","85BA"
"荦","8366","犖","7296"
"荥","8365","滎","6ECE"
"荨","8368","蕁","8541"
"荩","8369","藎","85CE"
"荬","836C","蕒","8552"
"荪","836A","蓀","84C0"
"荭","836D","葒","8452"
"荮","836E","葤","8464"
"莳","83B3","蒔","8494"
"莴","83B4","萵","8435"
"莜","839C","蓧","84E7"
"莅","8385","蒞","849E"
"莶","83B6","薟","859F"
"莸","83B8","蕕","8555"
"莺","83BA","鶯","9DAF"
"莼","83BC","蓴","84F4"
"萦","8426","縈","7E08"
"蒇","8487","蕆","8546"
"蒉","8489","蕢","8562"
"蒌","848C","蔞","851E"
"蓦","84E6","驀","9A40"
"蓠","84E0","蘺","863A"
"蓥","84E5","鎣","93A3"
"蓣","84E3","蕷","8577"
"蔹","8539","蘞","861E"
"蔺","853A","藺","85FA"
"蕲","8572","蘄","8604"
"薮","85AE","藪","85EA"
"藓","85D3","蘚","861A"
"藁","85C1","槁","69C1"
"奁","5941","奩","5969"
"尴","5C34","尷","5C37"
"扪","626A","捫","636B"
"抟","629F","摶","6476"
"挢","6322","撟","649F"
"掴","63B4","摑","6451"
"掼","63BC","摜","645C"
"揸","63F8","摣","6463"
"揿","63FF","撳","64B3"
"摅","6445","攄","6504"
"撄","6484","攖","6516"
"撷","64B7","擷","64F7"
"撸","64B8","擼","64FC"
"撺","64BA","攛","651B"
"叽","53FD","嘰","5630"
"呒","5452","嘸","5638"
"呓","5453","囈","56C8"
"呖","5456","嚦","56A6"
"呗","5457","唄","5504"
"呙","5459","咼","54BC"
"吣","5423","唚","551A"
"咔","5494","哢","54E2"
"咛","549B","嚀","5680"
"咝","549D","噝","565D"
"咴","54B4","噅","5645"
"哒","54D2","噠","5660"
"哓","54D3","嘵","5635"
"哔","54D4","嗶","55F6"
"哕","54D5","噦","5666"
"哌","54CC","呱","5471"
"哙","54D9","噲","5672"
"哜","54DC","嚌","568C"
"咤","54A4","吒","5412"
"哝","54DD","噥","5665"
"唛","551B","嘜","561C"
"唠","5520","嘮","562E"
"唢","5522","嗩","55E9"
"唣","5523","唕","5515"
"啧","5567","嘖","5616"
"啭","556D","囀","56C0"
"唿","553F","呼","547C"
"喽","55BD","嘍","560D"
"喾","55BE","嚳","56B3"
"嗫","55EB","囁","56C1"
"嗬","55EC","呵","5475"
"嗳","55F3","噯","566F"
"辔","8F94","轡","8F61"
"嘤","5624","嚶","56B6"
"噜","565C","嚕","5695"
"噼","567C","劈","5288"
"嚯","56AF","謔","8B14"
"囵","56F5","圇","5707"
"帏","5E0F","幃","5E43"
"帱","5E31","幬","5E6C"
"帻","5E3B","幘","5E58"
"帼","5E3C","幗","5E57"
"幞","5E5E","襆","8946"
"岖","5C96","嶇","5D87"
"岘","5C98","峴","5CF4"
"岙","5C99","嶴","5DB4"
"岚","5C9A","嵐","5D50"
"岽","5CBD","崠","5D20"
"峄","5CC4","嶧","5DA7"
"峤","5CE4","嶠","5DA0"
"峥","5CE5","崢","5D22"
"崂","5D02","嶗","5D97"
"崃","5D03","崍","5D0D"
"嵘","5D58","嶸","5DB8"
"嵛","5D5B","崳","5D33"
"嵝","5D5D","嶁","5D81"
"嵴","5D74","脊","810A"
"巅","5DC5","巔","5DD4"
"徕","5F95","徠","5FA0"
"犭","72AD","犬","72AC"
"犷","72B7","獷","7377"
"犸","72B8","獁","7341"
"狍","72CD","麅","9E85"
"狯","72EF","獪","736A"
"狲","72F2","猻","733B"
"猃","7303","獫","736B"
"猡","7321","玀","7380"
"猕","7315","獼","737C"
"猬","732C","蝟","875F"
"饧","9967","餳","9933"
"饨","9968","飩","98E9"
"饩","9969","餼","993C"
"饪","996A","飪","98EA"
"饫","996B","飫","98EB"
"饬","996C","飭","98ED"
"饴","9974","飴","98F4"
"饷","9977","餉","9909"
"饽","997D","餑","9911"
"馀","9980","餘","9918"
"馄","9984","餛","991B"
"馇","9987","餷","9937"
"馊","998A","餿","993F"
"馍","998D","饃","9943"
"馐","9990","饈","9948"
"馑","9991","饉","9949"
"馓","9993","饊","994A"
"馔","9994","饌","994C"
"馕","9995","饢","9962"
"庑","5E91","廡","5EE1"
"赓","8D53","賡","8CE1"
"廪","5EEA","廩","5EE9"
"忏","5FCF","懺","61FA"
"怃","6003","憮","61AE"
"怄","6004","慪","616A"
"忾","5FFE","愾","613E"
"怅","6005","悵","60B5"
"怆","6006","愴","6134"
"怿","603F","懌","61CC"
"恸","6078","慟","615F"
"恹","6079","懨","61E8"
"恻","607B","惻","60FB"
"恺","607A","愷","6137"
"恽","607D","惲","60F2"
"悭","60AD","慳","6173"
"惬","60EC","愜","611C"
"愠","6120","慍","614D"
"愦","6126","憒","6192"
"憷","61B7","怵","6035"
"懔","61D4","懍","61CD"
"闩","95E9","閂","9582"
"闫","95EB","閆","9586"
"闱","95F1","闈","95C8"
"闳","95F3","閎","958E"
"闵","95F5","閔","9594"
"闶","95F6","閌","958C"
"闼","95FC","闥","95E5"
"闾","95FE","閭","95AD"
"阃","9603","閫","95AB"
"阄","9604","鬮","9B2E"
"阆","9606","閬","95AC"
"阈","9608","閾","95BE"
"阊","960A","閶","95B6"
"阋","960B","鬩","9B29"
"阌","960C","閿","95BF"
"阍","960D","閽","95BD"
"阏","960F","閼","95BC"
"阒","9612","闃","95C3"
"阕","9615","闋","95CB"
"阖","9616","闔","95D4"
"阗","9617","闐","95D0"
"阙","9619","闕","95D5"
"阚","961A","闞","95DE"
"丬","4E2C","爿","723F"
"沣","6CA3","灃","7043"
"沩","6CA9","溈","6E88"
"泷","6CF7","瀧","7027"
"泸","6CF8","瀘","7018"
"泺","6CFA","濼","6FFC"
"泾","6CFE","涇","6D87"
"浃","6D43","浹","6D79"
"浈","6D48","湞","6E5E"
"浍","6D4D","澮","6FAE"
"浏","6D4F","瀏","700F"
"浒","6D52","滸","6EF8"
"浔","6D54","潯","6F6F"
"涞","6D9E","淶","6DF6"
"涠","6DA0","潿","6F7F"
"渎","6E0E","瀆","7006"
"渑","6E11","澠","6FA0"
"渖","6E16","瀋","700B"
"渌","6E0C","淥","6DE5"
"溆","6E86","漵","6F35"
"滟","6EDF","灩","7069"
"滠","6EE0","灄","7044"
"滢","6EE2","瀅","7005"
"滗","6ED7","潷","6F77"
"潆","6F46","瀠","7020"
"潇","6F47","瀟","701F"
"漤","6F24","濫","6FEB"
"潋","6F4B","瀲","7032"
"潴","6F74","瀦","7026"
"濑","6FD1","瀨","7028"
"灏","704F","灝","705D"
"骞","9A9E","騫","9A2B"
"迩","8FE9","邇","9087"
"迳","8FF3","逕","9015"
"逦","9026","邐","9090"
"屦","5C66","屨","5C68"
"弪","5F2A","弳","5F33"
"妩","59A9","嫵","5AF5"
"妪","59AA","嫗","5AD7"
"妫","59AB","媯","5AAF"
"姗","59D7","姍","59CD"
"娅","5A05","婭","5A6D"
"娆","5A06","嬈","5B08"
"娈","5A08","孌","5B4C"
"娲","5A32","媧","5AA7"
"娴","5A34","嫻","5AFB"
"婵","5A75","嬋","5B0B"
"媪","5AAA","媼","5ABC"
"嫒","5AD2","嬡","5B21"
"嫔","5AD4","嬪","5B2A"
"嫱","5AF1","嬙","5B19"
"嬷","5B37","嬤","5B24"
"驵","9A75","駔","99D4"
"驷","9A77","駟","99DF"
"驸","9A78","駙","99D9"
"驺","9A7A","騶","9A36"
"驿","9A7F","驛","9A5B"
"驽","9A7D","駑","99D1"
"骀","9A80","駘","99D8"
"骁","9A81","驍","9A4D"
"骅","9A85","驊","9A4A"
"骈","9A88","駢","99E2"
"骊","9A8A","驪","9A6A"
"骐","9A90","騏","9A0F"
"骒","9A92","騍","9A0D"
"骓","9A93","騅","9A05"
"骖","9A96","驂","9A42"
"骘","9A98","騭","9A2D"
"骛","9A9B","騖","9A16"
"骜","9A9C","驁","9A41"
"骝","9A9D","騮","9A2E"
"骟","9A9F","騸","9A38"
"骠","9AA0","驃","9A43"
"骢","9AA2","驄","9A44"
"骣","9AA3","驏","9A4F"
"骥","9AA5","驥","9A65"
"骧","9AA7","驤","9A64"
"纟","7E9F","糸","7CF8"
"纡","7EA1","紆","7D06"
"纣","7EA3","紂","7D02"
"纥","7EA5","紇","7D07"
"纨","7EA8","紈","7D08"
"纩","7EA9","纊","7E8A"
"纭","7EAD","紜","7D1C"
"纰","7EB0","紕","7D15"
"纾","7EBE","紓","7D13"
"绀","7EC0","紺","7D3A"
"绁","7EC1","絏","7D4F"
"绂","7EC2","紱","7D31"
"绉","7EC9","縐","7E10"
"绋","7ECB","紼","7D3C"
"绌","7ECC","絀","7D40"
"绐","7ED0","紿","7D3F"
"绔","7ED4","絝","7D5D"
"绗","7ED7","絎","7D4E"
"绛","7EDB","絳","7D73"
"绠","7EE0","綆","7D86"
"绡","7EE1","綃","7D83"
"绨","7EE8","綈","7D88"
"绫","7EEB","綾","7DBE"
"绮","7EEE","綺","7DBA"
"绯","7EEF","緋","7DCB"
"绱","7EF1","緔","7DD4"
"绲","7EF2","緄","7DC4"
"缍","7F0D","綞","7D9E"
"绶","7EF6","綬","7DAC"
"绺","7EFA","綹","7DB9"
"绻","7EFB","綣","7DA3"
"绾","7EFE","綰","7DB0"
"缁","7F01","緇","7DC7"
"缂","7F02","緙","7DD9"
"缃","7F03","緗","7DD7"
"缇","7F07","緹","7DF9"
"缈","7F08","緲","7DF2"
"缋","7F0B","繢","7E62"
"缌","7F0C","緦","7DE6"
"缏","7F0F","緶","7DF6"
"缑","7F11","緱","7DF1"
"缒","7F12","縋","7E0B"
"缗","7F17","緡","7DE1"
"缙","7F19","縉","7E09"
"缜","7F1C","縝","7E1D"
"缛","7F1B","縟","7E1F"
"缟","7F1F","縞","7E1E"
"缡","7F21","縭","7E2D"
"缢","7F22","縊","7E0A"
"缣","7F23","縑","7E11"
"缤","7F24","繽","7E7D"
"缥","7F25","縹","7E39"
"缦","7F26","縵","7E35"
"缧","7F27","縲","7E32"
"缪","7F2A","繆","7E46"
"缫","7F2B","繅","7E45"
"缬","7F2C","纈","7E88"
"缭","7F2D","繚","7E5A"
"缯","7F2F","繒","7E52"
"缰","7F30","韁","97C1"
"缱","7F31","繾","7E7E"
"缲","7F32","繰","7E70"
"缳","7F33","繯","7E6F"
"缵","7F35","纘","7E98"
"幺","5E7A","么","4E48"
"玑","7391","璣","74A3"
"玮","73AE","瑋","744B"
"珏","73CF","玨","73A8"
"珑","73D1","瓏","74CF"
"珉","73C9","瑉","7449"
"顼","987C","頊","980A"
"玺","73BA","璽","74BD"
"珲","73F2","琿","743F"
"琏","740F","璉","7489"
"瑷","7477","璦","74A6"
"璎","748E","瓔","74D4"
"璇","7487","璿","74BF"
"瓒","74D2","瓚","74DA"
"韪","97EA","韙","97D9"
"韫","97EB","韞","97DE"
"韬","97EC","韜","97DC"
"杩","6769","榪","69AA"
"枥","67A5","櫪","6AEA"
"枧","67A7","梘","6898"
"枨","67A8","棖","68D6"
"枞","679E","樅","6A05"
"枭","67AD","梟","689F"
"栉","6809","櫛","6ADB"
"栊","680A","櫳","6AF3"
"栌","680C","櫨","6AE8"
"栀","6800","梔","6894"
"栎","680E","櫟","6ADF"
"柽","67FD","檉","6A89"
"桠","6860","椏","690F"
"桡","6861","橈","6A48"
"桢","6862","楨","6968"
"桤","6864","榿","69BF"
"桦","6866","樺","6A3A"
"桧","6867","檜","6A9C"
"栾","683E","欒","6B12"
"桊","684A","棬","68EC"
"棂","68C2","欞","6B1E"
"椟","691F","櫝","6ADD"
"椠","6920","槧","69E7"
"椤","6924","欏","6B0F"
"椁","6901","槨","69E8"
"榄","6984","欖","6B16"
"榇","6987","櫬","6AEC"
"榈","6988","櫚","6ADA"
"榉","6989","櫸","6AF8"
"槟","69DF","檳","6AB3"
"槠","69E0","櫧","6AE7"
"樯","6A2F","檣","6AA3"
"橥","6A65","櫫","6AEB"
"橹","6A79","櫓","6AD3"
"橼","6A7C","櫞","6ADE"
"檐","6A90","簷","7C37"
"檩","6AA9","檁","6A81"
"殁","6B81","歿","6B7F"
"殇","6B87","殤","6BA4"
"殒","6B92","殞","6B9E"
"殓","6B93","殮","6BAE"
"殚","6B9A","殫","6BAB"
"殡","6BA1","殯","6BAF"
"轫","8F6B","軔","8ED4"
"轭","8F6D","軛","8EDB"
"轱","8F71","軲","8EF2"
"轲","8F72","軻","8EFB"
"轳","8F73","轤","8F64"
"轵","8F75","軹","8EF9"
"轶","8F76","軼","8EFC"
"轸","8F78","軫","8EEB"
"轷","8F77","軤","8EE4"
"轹","8F79","轢","8F62"
"轺","8F7A","軺","8EFA"
"轼","8F7C","軾","8EFE"
"轾","8F7E","輊","8F0A"
"辁","8F81","輇","8F07"
"辂","8F82","輅","8F05"
"辄","8F84","輒","8F12"
"辇","8F87","輦","8F26"
"辋","8F8B","輞","8F1E"
"辍","8F8D","輟","8F1F"
"辎","8F8E","輜","8F1C"
"辏","8F8F","輳","8F33"
"辘","8F98","轆","8F46"
"辚","8F9A","轔","8F54"
"戋","620B","戔","6214"
"戗","6217","戧","6227"
"戬","622C","戩","6229"
"瓯","74EF","甌","750C"
"昙","6619","曇","66C7"
"晔","6654","曄","66C4"
"晖","6656","暉","6689"
"暧","66A7","曖","66D6"
"贲","8D32","賁","8CC1"
"贳","8D33","貰","8CB0"
"贶","8D36","貺","8CBA"
"贻","8D3B","貽","8CBD"
"贽","8D3D","贄","8D04"
"赀","8D40","貲","8CB2"
"赅","8D45","賅","8CC5"
"赆","8D46","贐","8D10"
"赈","8D48","賑","8CD1"
"赉","8D49","賚","8CDA"
"赇","8D47","賕","8CD5"
"赍","8D4D","齎","9F4E"
"赕","8D55","賧","8CE7"
"赙","8D59","賻","8CFB"
"觇","89C7","覘","8998"
"觊","89CA","覬","89AC"
"觋","89CB","覡","89A1"
"觌","89CC","覿","89BF"
"觎","89CE","覦","89A6"
"觏","89CF","覯","89AF"
"觐","89D0","覲","89B2"
"觑","89D1","覷","89B7"
"犟","729F","強","5F37"
"牦","7266","犛","729B"
"毵","6BF5","毿","6BFF"
"氇","6C07","氌","6C0C"
"氩","6C29","氬","6C2C"
"氲","6C32","氳","6C33"
"牍","724D","牘","7258"
"肷","80B7","膁","8181"
"胧","80E7","朧","6727"
"胨","80E8","腖","8156"
"胪","80EA","臚","81DA"
"胫","80EB","脛","811B"
"脍","810D","膾","81BE"
"脶","8136","腡","8161"
"腌","814C","醃","9183"
"腼","817C","靦","9766"
"腽","817D","膃","8183"
"腭","816D","齶","9F76"
"膑","8191","臏","81CF"
"欤","6B24","歟","6B5F"
"飑","98D1","颮","98AE"
"飒","98D2","颯","98AF"
"飓","98D3","颶","98B6"
"飕","98D5","颼","98BC"
"飙","98D9","飆","98C6"
"飚","98DA","飆","98C6"
"毂","6BC2","轂","8F42"
"齑","9F51","齏","9F4F"
"斓","6593","斕","6595"
"炀","7080","煬","716C"
"炜","709C","煒","7152"
"炖","7096","燉","71C9"
"炝","709D","熗","7197"
"烨","70E8","燁","71C1"
"焖","7116","燜","71DC"
"煳","7173","糊","7CCA"
"煅","7145","煆","7146"
"煺","717A","退","9000"
"熘","7198","溜","6E9C"
"焘","7118","燾","71FE"
"祢","7962","禰","79B0"
"祯","796F","禎","798E"
"禅","7985","禪","79AA"
"怼","603C","懟","61DF"
"悫","60AB","愨","6128"
"愍","610D","湣","6E63"
"懑","61D1","懣","61E3"
"戆","6206","戇","6207"
"沓","6C93","遝","905D"
"泶","6CF6","澩","6FA9"
"矶","77F6","磯","78EF"
"砀","7800","碭","78AD"
"砗","7817","硨","7868"
"砜","781C","碸","78B8"
"砺","783A","礪","792A"
"砻","783B","礱","7931"
"硖","7856","硤","7864"
"硗","7857","磽","78FD"
"碛","789B","磧","78E7"
"碜","789C","磣","78E3"
"碹","78B9","镟","955F"
"磙","78D9","滾","6EFE"
"龛","9F9B","龕","9F95"
"眍","770D","瞘","7798"
"眦","7726","眥","7725"
"睐","7750","睞","775E"
"睑","7751","瞼","77BC"
"畲","7572","佘","4F58"
"罴","7F74","羆","7F86"
"羁","7F81","羈","7F88"
"钆","9486","釓","91D3"
"钇","9487","釔","91D4"
"钋","948B","釙","91D9"
"钊","948A","釗","91D7"
"钌","948C","釕","91D5"
"钍","948D","釷","91F7"
"钏","948F","釧","91E7"
"钐","9490","釤","91E4"
"钔","9494","鍆","9346"
"钗","9497","釵","91F5"
"钕","9495","釹","91F9"
"钚","949A","鈈","9208"
"钛","949B","鈦","9226"
"钣","94A3","鈑","9211"
"钤","94A4","鈐","9210"
"钫","94AB","鈁","9201"
"钪","94AA","鈧","9227"
"钭","94AD","鈄","9204"
"钬","94AC","鈥","9225"
"钯","94AF","鈀","9200"
"钰","94B0","鈺","923A"
"钲","94B2","鉦","9266"
"钴","94B4","鈷","9237"
"钶","94B6","鈳","9233"
"钷","94B7","鉕","9255"
"钸","94B8","鈽","923D"
"钹","94B9","鈸","9238"
"钺","94BA","鉞","925E"
"钼","94BC","鉬","926C"
"钽","94BD","鉭","926D"
"钿","94BF","鈿","923F"
"铄","94C4","鑠","9460"
"铈","94C8","鈰","9230"
"铉","94C9","鉉","9249"
"铊","94CA","鉈","9248"
"铋","94CB","鉍","924D"
"铌","94CC","鈮","922E"
"铍","94CD","鈹","9239"
"铎","94CE","鐸","9438"
"铐","94D0","銬","92AC"
"铑","94D1","銠","92A0"
"铒","94D2","鉺","927A"
"铕","94D5","銪","92AA"
"铖","94D6","鋮","92EE"
"铗","94D7","鋏","92CF"
"铙","94D9","鐃","9403"
"铘","94D8","鋣","92E3"
"铛","94DB","鐺","943A"
"铞","94DE","銱","92B1"
"铟","94DF","銦","92A6"
"铠","94E0","鎧","93A7"
"铢","94E2","銖","9296"
"铤","94E4","鋌","92CC"
"铥","94E5","銩","92A9"
"铧","94E7","鏵","93F5"
"铨","94E8","銓","9293"
"铪","94EA","鉿","927F"
"铩","94E9","鎩","93A9"
"铫","94EB","銚","929A"
"铮","94EE","錚","931A"
"铯","94EF","銫","92AB"
"铳","94F3","銃","9283"
"铴","94F4","鐋","940B"
"铵","94F5","銨","92A8"
"铷","94F7","銣","92A3"
"铹","94F9","鐒","9412"
"铼","94FC","錸","9338"
"铽","94FD","鋱","92F1"
"铿","94FF","鏗","93D7"
"锃","9503","鋥","92E5"
"锂","9502","鋰","92F0"
"锆","9506","鋯","92EF"
"锇","9507","鋨","92E8"
"锉","9509","銼","92BC"
"锊","950A","鋝","92DD"
"锍","950D","鋶","92F6"
"锎","950E","鉲","9272"
"锏","950F","鐧","9427"
"锒","9512","鋃","92C3"
"锓","9513","鋟","92DF"
"锔","9514","鋦","92E6"
"锕","9515","錒","9312"
"锖","9516","錆","9306"
"锘","9518","鍩","9369"
"锛","951B","錛","931B"
"锝","951D","鍀","9340"
"锞","951E","錁","9301"
"锟","951F","錕","9315"
"锢","9522","錮","932E"
"锪","952A","鍃","9343"
"锫","952B","錇","9307"
"锩","9529","錈","9308"
"锬","952C","錟","931F"
"锱","9531","錙","9319"
"锲","9532","鍥","9365"
"锴","9534","鍇","9347"
"锶","9536","鍶","9376"
"锷","9537","鍔","9354"
"锸","9538","鍤","9364"
"锼","953C","鎪","93AA"
"锾","953E","鍰","9370"
"锿","953F","鎄","9384"
"镂","9542","鏤","93E4"
"锵","9535","鏘","93D8"
"镄","9544","鐨","9428"
"镅","9545","鋂","92C2"
"镆","9546","鏌","93CC"
"镉","9549","鎘","9398"
"镌","954C","鐫","942B"
"镎","954E","錼","933C"
"镏","954F","鎦","93A6"
"镒","9552","鎰","93B0"
"镓","9553","鎵","93B5"
"镔","9554","鑌","944C"
"镖","9556","鏢","93E2"
"镗","9557","鏜","93DC"
"镘","9558","鏝","93DD"
"镙","9559","鏍","93CD"
"镛","955B","鏞","93DE"
"镞","955E","鏃","93C3"
"镟","955F","鏇","93C7"
"镝","955D","鏑","93D1"
"镡","9561","鐔","9414"
"镢","9562","钁","9481"
"镤","9564","鏷","93F7"
"镥","9565","鑥","9465"
"镦","9566","鐓","9413"
"镧","9567","鑭","946D"
"镨","9568","鐠","9420"
"镩","9569","鑹","9479"
"镪","956A","鏹","93F9"
"镫","956B","鐙","9419"
"镬","956C","鑊","944A"
"镯","956F","鐲","9432"
"镱","9571","鐿","943F"
"镲","9572","鑔","9454"
"镳","9573","鑣","9463"
"锺","953A","鍾","937E"
"稆","7A06","穭","7A6D"
"穑","7A51","穡","7A61"
"鸠","9E20","鳩","9CE9"
"鸢","9E22","鳶","9CF6"
"鸨","9E28","鴇","9D07"
"鸩","9E29","鴆","9D06"
"鸪","9E2A","鴣","9D23"
"鸫","9E2B","鶇","9D87"
"鸬","9E2C","鸕","9E15"
"鸲","9E32","鴝","9D1D"
"鸱","9E31","鴟","9D1F"
"鸶","9E36","鷥","9DE5"
"鸸","9E38","鴯","9D2F"
"鸷","9E37","鷙","9DD9"
"鸹","9E39","鴰","9D30"
"鸺","9E3A","鵂","9D42"
"鸾","9E3E","鸞","9E1E"
"鹁","9E41","鵓","9D53"
"鹂","9E42","鸝","9E1D"
"鹄","9E44","鵠","9D60"
"鹆","9E46","鵒","9D52"
"鹇","9E47","鷳","9DF3"
"鹈","9E48","鵜","9D5C"
"鹉","9E49","鵡","9D61"
"鹋","9E4B","鶓","9D93"
"鹌","9E4C","鵪","9D6A"
"鹎","9E4E","鵯","9D6F"
"鹑","9E51","鶉","9D89"
"鹕","9E55","鶘","9D98"
"鹗","9E57","鶚","9D9A"
"鹚","9E5A","鶿","9DBF"
"鹛","9E5B","鶥","9DA5"
"鹜","9E5C","鶩","9DA9"
"鹞","9E5E","鷂","9DC2"
"鹣","9E63","鶼","9DBC"
"鹦","9E66","鸚","9E1A"
"鹧","9E67","鷓","9DD3"
"鹨","9E68","鷚","9DDA"
"鹩","9E69","鷯","9DEF"
"鹪","9E6A","鷦","9DE6"
"鹫","9E6B","鷲","9DF2"
"鹬","9E6C","鷸","9DF8"
"鹱","9E71","鸌","9E0C"
"鹭","9E6D","鷺","9DFA"
"鹳","9E73","鸛","9E1B"
"疖","7596","癤","7664"
"疠","75A0","癘","7658"
"疬","75AC","鬁","9B01"
"疴","75B4","屙","5C59"
"疱","75B1","皰","76B0"
"痖","75D6","瘂","7602"
"痨","75E8","癆","7646"
"痫","75EB","癇","7647"
"瘅","7605","癉","7649"
"瘗","7617","瘞","761E"
"瘘","7618","瘺","763A"
"瘿","763F","癭","766D"
"瘾","763E","癮","766E"
"癞","765E","癩","7669"
"癫","766B","癲","7672"
"癯","766F","臒","81D2"
"窦","7AA6","竇","7AC7"
"窭","7AAD","窶","7AB6"
"裆","88C6","襠","8960"
"裢","88E2","褳","8933"
"裣","88E3","襝","895D"
"裥","88E5","襇","8947"
"褛","891B","褸","8938"
"褴","8934","襤","8964"
"襁","8941","繈","7E48"
"皲","76B2","皸","76B8"
"耢","8022","耮","802E"
"耧","8027","耬","802C"
"聍","804D","聹","8079"
"聩","8069","聵","8075"
"顸","9878","頇","9807"
"颀","9880","頎","980E"
"颃","9883","頏","980F"
"颉","9889","頡","9821"
"颌","988C","頜","981C"
"颍","988D","潁","6F41"
"颏","988F","頦","9826"
"颔","9894","頷","9837"
"颚","989A","顎","984E"
"颛","989B","顓","9853"
"颞","989E","顳","9873"
"颟","989F","顢","9862"
"颡","98A1","顙","9859"
"颢","98A2","顥","9865"
"颥","98A5","顬","986C"
"颦","98A6","顰","9870"
"虬","866C","虯","866F"
"虮","866E","蟣","87E3"
"虿","867F","蠆","8806"
"蚬","86AC","蜆","8706"
"蚝","869D","蠔","8814"
"蛎","86CE","蠣","8823"
"蛏","86CF","蟶","87F6"
"蛱","86F1","蛺","86FA"
"蛲","86F2","蟯","87EF"
"蛳","86F3","螄","8784"
"蛴","86F4","蠐","8810"
"蝈","8748","蟈","87C8"
"蝾","877E","蠑","8811"
"蝼","877C","螻","87BB"
"螨","87A8","蟎","87CE"
"罂","7F42","罌","7F4C"
"笃","7B03","篤","7BE4"
"笕","7B15","筧","7B67"
"笾","7B3E","籩","7C69"
"筚","7B5A","篳","7BF3"
"筝","7B5D","箏","7B8F"
"箦","7BA6","簀","7C00"
"箧","7BA7","篋","7BCB"
"箨","7BA8","籜","7C5C"
"箪","7BAA","簞","7C1E"
"箫","7BAB","簫","7C2B"
"篑","7BD1","簣","7C23"
"簖","7C16","籪","7C6A"
"籁","7C41","籟","7C5F"
"舣","8223","艤","8264"
"舻","823B","艫","826B"
"袅","8885","嫋","5ACB"
"羟","7F9F","羥","7FA5"
"籼","7C7C","秈","79C8"
"粝","7C9D","糲","7CF2"
"粜","7C9C","糶","7CF6"
"糁","7CC1","糝","7CDD"
"糇","7CC7","餱","9931"
"絷","7D77","縶","7E36"
"麸","9EB8","麩","9EA9"
"趱","8DB1","趲","8DB2"
"酰","9170","醯","91AF"
"酽","917D","釅","91C5"
"酾","917E","釃","91C3"
"鹾","9E7E","鹺","9E7A"
"趸","8DB8","躉","8E89"
"跄","8DC4","蹌","8E4C"
"跖","8DD6","蹠","8E60"
"跞","8DDE","躒","8E92"
"跷","8DF7","蹺","8E7A"
"跸","8DF8","蹕","8E55"
"跹","8DF9","躚","8E9A"
"跻","8DFB","躋","8E8B"
"踬","8E2C","躓","8E93"
"踯","8E2F","躑","8E91"
"蹑","8E51","躡","8EA1"
"蹒","8E52","蹣","8E63"
"蹰","8E70","躕","8E95"
"躏","8E8F","躪","8EAA"
"躜","8E9C","躦","8EA6"
"觞","89DE","觴","89F4"
"觯","89EF","觶","89F6"
"靓","9753","靚","975A"
"雳","96F3","靂","9742"
"霁","9701","霽","973D"
"霭","972D","靄","9744"
"龀","9F80","齔","9F54"
"龃","9F83","齟","9F5F"
"龅","9F85","齙","9F59"
"龆","9F86","齠","9F60"
"龇","9F87","齜","9F5C"
"龈","9F88","齦","9F66"
"龉","9F89","齬","9F6C"
"龊","9F8A","齪","9F6A"
"龌","9F8C","齷","9F77"
"黾","9EFE","黽","9EFD"
"鼋","9F0B","黿","9EFF"
"鼍","9F0D","鼉","9F09"
"隽","96BD","雋","96CB"
"雠","96E0","讎","8B8E"
"銮","92AE","鑾","947E"
"錾","933E","鏨","93E8"
"鱿","9C7F","魷","9B77"
"鲂","9C82","魴","9B74"
"鲅","9C85","鮁","9B81"
"鲆","9C86","鮃","9B83"
"鲇","9C87","鯰","9BF0"
"鲈","9C88","鱸","9C78"
"稣","7A23","穌","7A4C"
"鲋","9C8B","鮒","9B92"
"鲎","9C8E","鱟","9C5F"
"鲐","9C90","鮐","9B90"
"鲑","9C91","鮭","9BAD"
"鲒","9C92","鮚","9B9A"
"鲔","9C94","鮪","9BAA"
"鲕","9C95","鮞","9B9E"
"鲚","9C9A","鱭","9C6D"
"鲛","9C9B","鮫","9BAB"
"鲞","9C9E","鯗","9BD7"
"鲟","9C9F","鱘","9C58"
"鲠","9CA0","鯁","9BC1"
"鲡","9CA1","鱺","9C7A"
"鲢","9CA2","鰱","9C31"
"鲣","9CA3","鰹","9C39"
"鲥","9CA5","鰣","9C23"
"鲦","9CA6","鰷","9C37"
"鲧","9CA7","鯀","9BC0"
"鲨","9CA8","鯊","9BCA"
"鲩","9CA9","鯇","9BC7"
"鲫","9CAB","鯽","9BFD"
"鲭","9CAD","鯖","9BD6"
"鲮","9CAE","鯪","9BEA"
"鲰","9CB0","鯫","9BEB"
"鲱","9CB1","鯡","9BE1"
"鲲","9CB2","鯤","9BE4"
"鲳","9CB3","鯧","9BE7"
"鲴","9CB4","鯝","9BDD"
"鲵","9CB5","鯢","9BE2"
"鲶","9CB6","鯰","9BF0"
"鲷","9CB7","鯛","9BDB"
"鲺","9CBA","鯴","9BF4"
"鲻","9CBB","鯔","9BD4"
"鲼","9CBC","鱝","9C5D"
"鲽","9CBD","鰈","9C08"
"鳄","9CC4","鱷","9C77"
"鳅","9CC5","鰍","9C0D"
"鳆","9CC6","鰒","9C12"
"鳇","9CC7","鰉","9C09"
"鳊","9CCA","鯿","9BFF"
"鳋","9CCB","鰠","9C20"
"鳌","9CCC","鼇","9F07"
"鳍","9CCD","鰭","9C2D"
"鳎","9CCE","鰨","9C28"
"鳏","9CCF","鰥","9C25"
"鳐","9CD0","鰩","9C29"
"鳓","9CD3","鰳","9C33"
"鳔","9CD4","鰾","9C3E"
"鳕","9CD5","鱈","9C48"
"鳗","9CD7","鰻","9C3B"
"鳘","9CD8","鰵","9C35"
"鳙","9CD9","鱅","9C45"
"鳜","9CDC","鱖","9C56"
"鳝","9CDD","鱔","9C54"
"鳟","9CDF","鱒","9C52"
"鳢","9CE2","鱧","9C67"
"鞑","9791","韃","97C3"
"鞒","9792","鞽","97BD"
"鞯","97AF","韉","97C9"
"鞴","97B4","韝","97DD"
"鹘","9E58","鶻","9DBB"
"髅","9AC5","髏","9ACF"
"髋","9ACB","髖","9AD6"
"髌","9ACC","髕","9AD5"
"魇","9B47","魘","9B58"
"魉","9B49","魎","9B4E"
"飨","98E8","饗","9957"
"餍","990D","饜","995C"
"鬓","9B13","鬢","9B22"
"黩","9EE9","黷","9EF7"
"黪","9EEA","黲","9EF2"
"鼹","9F39","鼴","9F34"
"齄","9F44","齇","9F47"
"㑇","3447","㑳","3473"
"㖞","359E","喎","558E"
"㘎","360E","㘚","361A"
"㤘","3918","㥮","396E"
"㧏","39CF","掆","6386"
"㧐","39D0","㩳","3A73"
"㧟","39DF","擓","64D3"
"㭎","3B4E","棡","68E1"
"㳠","3CE0","澾","6FBE"
"䁖","4056","瞜","779C"
"䅟","415F","穇","7A47"
"䌷","4337","紬","7D2C"
"䎬","43AC","䎱","43B1"
"䏝","43DD","膞","819E"
"䓖","44D6","藭","85ED"
"䙌","464C","䙡","4661"
"䜣","4723","訢","8A22"
"䜩","4729","讌","8B8C"
"䞍","478D","䝼","477C"
"䥺","497A","釾","91FE"
"䥽","497D","鏺","93FA"
"䦂","4982","䥇","4947"
"䦃","4983","鐯","942F"
"䦅","4985","鐥","9425"
"䦆","4986","钁","9481"
"䦶","49B6","䦛","499B"
"䦷","49B7","䦟","499F"
"䲟","4C9F","鮣","9BA3"
"䲠","4CA0","鰆","9C06"
"䲡","4CA1","鰌","9C0C"
"䲢","4CA2","鰧","9C27"
"䲣","4CA3","䱷","4C77"
"䴓","4D13","鳾","9CFE"
"䴔","4D14","鵁","9D41"
"䴕","4D15","鴷","9D37"
"䴖","4D16","鶄","9D84"
"䴗","4D17","鶪","9DAA"
"䴘","4D18","鷉","9DC9"
"䴙","4D19","鸊","9E0A"
"䶮","4DAE","龑","9F91"
"了","4E86","瞭","77AD"
"么","4E48","麽","9EBD"
"千","5343","韆","97C6"
"干","5E72","乾","4E7E"
"才","624D","纔","7E94"
"冬","51AC","鼕","9F15"
"出","51FA","齣","9F63"
"只","53EA","祗","7957"
"只","53EA","衹","8879"
"只","53EA","隻","96BB"
"只","53EA","戠","6220"
"台","53F0","臺","81FA"
"台","53F0","颱","98B1"
"台","53F0","檯","6AAF"
"宁","5B81","寜","5BDC"
"向","5411","嚮","56AE"
"合","5408","閤","95A4"
"回","56DE","迴","8FF4"
"曲","66F2","麯","9EAF"
"朱","6731","硃","7843"
"余","4F59","餘","9918"
"克","514B","剋","524B"
"困","56F0","睏","774F"
"折","6298","摺","647A"
"沈","6C88","瀋","700B"
"灶","7076","竈","7AC8"
"系","7CFB","係","4FC2"
"系","7CFB","繫","7E6B"
"谷","8C37","榖","6996"
"刮","522E","颳","98B3"
"制","5236","製","88FD"
"卷","5377","捲","6372"
"征","5F81","徵","5FB5"
"板","677F","闆","95C6"
"松","677E","鬆","9B06"
"舍","820D","捨","6368"
"芸","82B8","蕓","8553"
"表","8868","錶","9336"
"肮","80AE","骯","9AAF"
"姜","59DC","薑","8591"
"秋","79CB","鞦","97A6"
"胡","80E1","鬍","9B0D"
"致","81F4","緻","7DFB"
"郁","90C1","鬱","9B31"
"面","9762","麵","9EB5"
"复","590D","復","5FA9"
"借","501F","藉","85C9"
"准","51C6","凖","51D6"
"家","5BB6","傢","50A2"
"症","75C7","癥","7665"
"旋","65CB","鏇","93C7"
"累","7D2F","纍","7E8D"
"辟","8F9F","闢","95E2"
"漓","6F13","灕","7055"
"蒙","8499","濛","6FDB"
"蒙","8499","懞","61DE"
"蒙","8499","矇","77C7"
"蔑","8511","衊","884A"
"产","4EA7","産","7523"
"众","4F17","衆","8846"
"伪","4F2A","僞","50DE"
"冲","51B2","衝","885D"
"凫","51EB","鳬","9CEC"
"击","51FB","撃","6483"
"别","522B","彆","5F46"
"刬","522C","剗","5257"
"勋","52CB","勛","52DB"
"勚","52DA","勩","52E9"
"卤","5364","滷","6EF7"
"历","5386","歷","6B77"
"厕","5395","厠","53A0"
"叆","53C6","靉","9749"
"叇","53C7","靆","9746"
"发","53D1","髮","9AEE"
"叹","53F9","嘆","5606"
"启","542F","啓","5553"
"唝","551D","嗊","55CA"
"唡","5521","啢","5562"
"啮","556E","嚙","5699"
"啰","5570","囉","56C9"
"团","56E2","糰","7CF0"
"坛","575B","罎","7F4E"
"墙","5899","墻","58BB"
"壳","58F3","殻","6BBB"
"奖","5956","奬","596C"
"婳","5A73","嫿","5AFF"
"寿","5BFF","夀","5900"
"尽","5C3D","儘","5118"
"岁","5C81","嵗","5D57"
"岽","5CBD","崬","5D2C"
"峃","5CC3","嶨","5DA8"
"峣","5CE3","嶢","5DA2"
"嵚","5D5A","嶔","5D94"
"庼","5EBC","廎","5ECE"
"弥","5F25","瀰","7030"
"当","5F53","噹","5679"
"录","5F55","録","9332"
"恶","6076","噁","5641"
"悫","60AB","慤","6164"
"挜","631C","掗","6397"
"挦","6326","撏","648F"
"摆","6446","襬","896C"
"摊","644A","擹","64F9"
"旸","65F8","暘","6698"
"昽","663D","曨","66E8"
"样","6837","様","69D8"
"槚","69DA","檟","6A9F"
"汇","6C47","彙","5F59"
"沨","6CA8","渢","6E22"
"浉","6D49","溮","6EAE"
"浐","6D50","滻","6EFB"
"浕","6D55","濜","6FDC"
"涢","6DA2","溳","6EB3"
"溇","6E87","漊","6F0A"
"滟","6EDF","灧","7067"
"滪","6EEA","澦","6FA6"
"烧","70E7","焼","713C"
"玱","73B1","瑲","7472"
"玺","73BA","壐","58D0"
"琎","740E","璡","74A1"
"疬","75AC","癧","7667"
"瘆","7606","瘮","762E"
"瘘","7618","瘻","763B"
"硙","7859","磑","78D1"
"硚","785A","礄","7904"
"硷","7877","鹸","9E78"
"祎","794E","禕","7995"
"窎","7A8E","窵","7AB5"
"竖","7AD6","竪","7AEA"
"签","7B7E","籤","7C64"
"箓","7B93","籙","7C59"
"纤","7EA4","縴","7E34"
"纴","7EB4","紝","7D1D"
"纼","7EBC","紖","7D16"
"线","7EBF","綫","7DAB"
"绁","7EC1","紲","7D32"
"绖","7ED6","絰","7D70"
"绝","7EDD","絶","7D76"
"绣","7EE3","綉","7D89"
"绦","7EE6","縧","7E27"
"绷","7EF7","綳","7DB3"
"绿","7EFF","緑","7DD1"
"缊","7F0A","緼","7DFC"
"缞","7F1E","縗","7E17"
"缰","7F30","繮","7E6E"
"罚","7F5A","罸","7F78"
"羁","7F81","覊","898A"
"翚","7FDA","翬","7FEC"
"脏","810F","贜","8D1C"
"腘","8158","膕","8195"
"臜","81DC","臢","81E2"
"艳","8273","艶","8276"
"艺","827A","兿","517F"
"苏","82CF","囌","56CC"
"获","83B7","穫","7A6B"
"莼","83BC","蒓","8493"
"萚","841A","蘀","8600"
"蕴","8574","藴","85F4"
"蟏","87CF","蠨","8828"
"袅","8885","裊","88CA"
"觃","89C3","覎","898E"
"览","89C8","覧","89A7"
"讻","8BBB","訩","8A29"
"诇","8BC7","詗","8A57"
"说","8BF4","説","8AAC"
"谉","8C09","讅","8B85"
"谞","8C1E","諝","8ADD"
"谣","8C23","謡","8B21"
"谥","8C25","謚","8B1A"
"豮","8C6E","豶","8C76"
"赃","8D43","臓","81D3"
"赍","8D4D","賫","8CEB"
"赒","8D52","賙","8CD9"
"赗","8D57","賵","8CF5"
"赝","8D5D","贋","8D0B"
"赪","8D6A","赬","8D6C"
"酝","915D","醖","9196"
"酱","9171","醤","91A4"
"钖","9496","鍚","935A"
"钘","9498","鈃","9203"
"钩","94A9","鈎","920E"
"钵","94B5","鉢","9262"
"铏","94CF","鉶","9276"
"铓","94D3","鋩","92E9"
"锈","9508","銹","92B9"
"锎","950E","鐦","9426"
"锐","9510","鋭","92ED"
"锧","9527","鑕","9455"
"镃","9543","鎡","93A1"
"镅","9545","鎇","9387"
"镋","954B","钂","9482"
"镌","954C","鎸","93B8"
"镎","954E","鎿","93BF"
"镚","955A","鏰","93F0"
"镢","9562","鐝","941D"
"镮","956E","鐶","9436"
"镴","9574","鑞","945E"
"闹","95F9","閙","9599"
"闿","95FF","闓","95D3"
"阅","9605","閲","95B2"
"隶","96B6","隷","96B7"
"韨","97E8","韍","97CD"
"须","987B","鬚","9B1A"
"颋","988B","頲","9832"
"颓","9893","頽","983D"
"颙","9899","顒","9852"
"颜","989C","顔","9854"
"飔","98D4","颸","98B8"
"飗","98D7","飀","98C0"
"饦","9966","飥","98E5"
"饳","9973","飿","98FF"
"饸","9978","餄","9904"
"饹","9979","餎","990E"
"饻","997B","餏","990F"
"饼","997C","餠","9920"
"馃","9983","餜","991C"
"馉","9989","餶","9936"
"馎","998E","餺","993A"
"馕","9995","饟","995F"
"骂","9A82","駡","99E1"
"骎","9A8E","駸","99F8"
"鱽","9C7D","魛","9B5B"
"鲊","9C8A","鮓","9B93"
"鲏","9C8F","鮍","9B8D"
"鲖","9C96","鮦","9BA6"
"鲗","9C97","鰂","9C02"
"鲙","9C99","鱠","9C60"
"鲝","9C9D","鮺","9BBA"
"鲿","9CBF","鱨","9C68"
"鳁","9CC1","鰛","9C1B"
"鳄","9CC4","鰐","9C10"
"鳌","9CCC","鰲","9C32"
"鳑","9CD1","鰟","9C1F"
"鳒","9CD2","鰜","9C1C"
"鳛","9CDB","鰼","9C3C"
"鳣","9CE3","鱣","9C63"
"鸡","9E21","鷄","9DC4"
"鸧","9E27","鶬","9DAC"
"鸮","9E2E","鴞","9D1E"
"鸰","9E30","鴒","9D12"
"鸻","9E3B","鴴","9D34"
"鸼","9E3C","鵃","9D43"
"鸾","9E3E","鵉","9D49"
"鹐","9E50","鵮","9D6E"
"鹒","9E52","鶊","9D8A"
"鹖","9E56","鶡","9DA1"
"鹙","9E59","鶖","9D96"
"鹚","9E5A","鷀","9DC0"
"鹡","9E61","鶺","9DBA"
"鹥","9E65","鷖","9DD6"
"鹯","9E6F","鸇","9E07"
"黡","9EE1","黶","9EF6"
,,,
"繁對簡 (1 對 N )",,,
"繁體","繁碼","簡體","簡碼"
"墊","588A","垫","57AB"
"墊","588A","埝","57DD"
"壟","58DF","垄","5784"
"壟","58DF","垅","5785"
"強","5F37","强","5F3A"
"強","5F37","犟","729F"
"滾","6EFE","滚","6EDA"
"滾","6EFE","磙","78D9"
"濫","6FEB","滥","6EE5"
"濫","6FEB","漤","6F24"
"瀋","700B","沈","6C88"
"瀋","700B","渖","6E16"
"謔","8B14","嚯","56AF"
"謔","8B14","谑","8C11"
"鏇","93C7","旋","65CB"
"鏇","93C7","镟","955F"
"钁","9481","䦆","4986"
"钁","9481","镢","9562"
"飆","98C6","飙","98D9"
"飆","98C6","飚","98DA"
"餘","9918","余","4F59"
"餘","9918","馀","9980"
"鯰","9BF0","鲇","9C87"
"鯰","9BF0","鲶","9CB6"
,,,
"簡對繁 (1 對 N)",,,
"簡體","簡碼","繁體","繁碼"
"么","4E48","麼","9EBC"
"么","4E48","麽","9EBD"
"产","4EA7","產","7522"
"产","4EA7","産","7523"
"众","4F17","眾","773E"
"众","4F17","衆","8846"
"伪","4F2A","偽","507D"
"伪","4F2A","僞","50DE"
"冲","51B2","沖","6C96"
"冲","51B2","衝","885D"
"凫","51EB","鳧","9CE7"
"凫","51EB","鳬","9CEC"
"击","51FB","撃","6483"
"击","51FB","擊","64CA"
"别","522B","別","5225"
"别","522B","彆","5F46"
"勋","52CB","勛","52DB"
"勋","52CB","勳","52F3"
"卤","5364","滷","6EF7"
"卤","5364","鹵","9E75"
"历","5386","曆","66C6"
"历","5386","歷","6B77"
"厕","5395","厠","53A0"
"厕","5395","廁","5EC1"
"发","53D1","發","767C"
"发","53D1","髮","9AEE"
"只","53EA","戠","6220"
"只","53EA","祗","7957"
"只","53EA","衹","8879"
"只","53EA","隻","96BB"
"台","53F0","檯","6AAF"
"台","53F0","臺","81FA"
"台","53F0","颱","98B1"
"叹","53F9","嘆","5606"
"叹","53F9","歎","6B4E"
"启","542F","啓","5553"
"启","542F","啟","555F"
"啮","556E","嚙","5699"
"啮","556E","齧","9F67"
"团","56E2","團","5718"
"团","56E2","糰","7CF0"
"坛","575B","壇","58C7"
"坛","575B","罎","7F4E"
"墙","5899","墻","58BB"
"墙","5899","牆","7246"
"壳","58F3","殻","6BBB"
"壳","58F3","殼","6BBC"
"复","590D","復","5FA9"
"复","590D","複","8907"
"奖","5956","奬","596C"
"奖","5956","獎","734E"
"宁","5B81","寜","5BDC"
"宁","5B81","甯","752F"
"寿","5BFF","壽","58FD"
"寿","5BFF","夀","5900"
"尽","5C3D","儘","5118"
"尽","5C3D","盡","76E1"
"岁","5C81","嵗","5D57"
"岁","5C81","歲","6B72"
"岽","5CBD","崠","5D20"
"岽","5CBD","崬","5D2C"
"干","5E72","乾","4E7E"
"干","5E72","幹","5E79"
"弥","5F25","彌","5F4C"
"弥","5F25","瀰","7030"
"当","5F53","噹","5679"
"当","5F53","當","7576"
"录","5F55","錄","9304"
"录","5F55","録","9332"
"恶","6076","噁","5641"
"恶","6076","惡","60E1"
"悫","60AB","愨","6128"
"悫","60AB","慤","6164"
"摆","6446","擺","64FA"
"摆","6446","襬","896C"
"摊","644A","擹","64F9"
"摊","644A","攤","6524"
"样","6837","様","69D8"
"样","6837","樣","6A23"
"汇","6C47","匯","532F"
"汇","6C47","彙","5F59"
"滟","6EDF","灧","7067"
"滟","6EDF","灩","7069"
"烧","70E7","焼","713C"
"烧","70E7","燒","71D2"
"玺","73BA","壐","58D0"
"玺","73BA","璽","74BD"
"疬","75AC","癧","7667"
"疬","75AC","鬁","9B01"
"瘘","7618","瘺","763A"
"瘘","7618","瘻","763B"
"硷","7877","鹸","9E78"
"硷","7877","鹼","9E7C"
"竖","7AD6","竪","7AEA"
"竖","7AD6","豎","8C4E"
"签","7B7E","簽","7C3D"
"签","7B7E","籤","7C64"
"系","7CFB","係","4FC2"
"系","7CFB","繫","7E6B"
"纤","7EA4","縴","7E34"
"纤","7EA4","纖","7E96"
"线","7EBF","綫","7DAB"
"线","7EBF","線","7DDA"
"绁","7EC1","紲","7D32"
"绁","7EC1","絏","7D4F"
"绝","7EDD","絕","7D55"
"绝","7EDD","絶","7D76"
"绣","7EE3","綉","7D89"
"绣","7EE3","繡","7E61"
"绦","7EE6","絛","7D5B"
"绦","7EE6","縧","7E27"
"绷","7EF7","綳","7DB3"
"绷","7EF7","繃","7E43"
"绿","7EFF","綠","7DA0"
"绿","7EFF","緑","7DD1"
"缰","7F30","繮","7E6E"
"缰","7F30","韁","97C1"
"罚","7F5A","罰","7F70"
"罚","7F5A","罸","7F78"
"羁","7F81","羈","7F88"
"羁","7F81","覊","898A"
"脏","810F","贜","8D1C"
"脏","810F","髒","9AD2"
"艳","8273","艶","8276"
"艳","8273","豔","8C54"
"艺","827A","兿","517F"
"艺","827A","藝","85DD"
"苏","82CF","囌","56CC"
"苏","82CF","蘇","8607"
"获","83B7","獲","7372"
"获","83B7","穫","7A6B"
"莼","83BC","蒓","8493"
"莼","83BC","蓴","84F4"
"蒙","8499","懞","61DE"
"蒙","8499","濛","6FDB"
"蒙","8499","矇","77C7"
"蕴","8574","藴","85F4"
"蕴","8574","蘊","860A"
"袅","8885","嫋","5ACB"
"袅","8885","裊","88CA"
"览","89C8","覧","89A7"
"览","89C8","覽","89BD"
"说","8BF4","說","8AAA"
"说","8BF4","説","8AAC"
"谣","8C23","謠","8B20"
"谣","8C23","謡","8B21"
"谥","8C25","諡","8AE1"
"谥","8C25","謚","8B1A"
"赃","8D43","臓","81D3"
"赃","8D43","贓","8D13"
"赍","8D4D","賫","8CEB"
"赍","8D4D","齎","9F4E"
"赝","8D5D","贋","8D0B"
"赝","8D5D","贗","8D17"
"酝","915D","醖","9196"
"酝","915D","醞","919E"
"酱","9171","醤","91A4"
"酱","9171","醬","91AC"
"钩","94A9","鈎","920E"
"钩","94A9","鉤","9264"
"钵","94B5","缽","7F3D"
"钵","94B5","鉢","9262"
"锈","9508","銹","92B9"
"锈","9508","鏽","93FD"
"锎","950E","鉲","9272"
"锎","950E","鐦","9426"
"锐","9510","銳","92B3"
"锐","9510","鋭","92ED"
"镅","9545","鋂","92C2"
"镅","9545","鎇","9387"
"镌","954C","鎸","93B8"
"镌","954C","鐫","942B"
"镎","954E","錼","933C"
"镎","954E","鎿","93BF"
"镢","9562","鐝","941D"
"镢","9562","钁","9481"
"闹","95F9","閙","9599"
"闹","95F9","鬧","9B27"
"阅","9605","閱","95B1"
"阅","9605","閲","95B2"
"隶","96B6","隷","96B7"
"隶","96B6","隸","96B8"
"须","987B","須","9808"
"须","987B","鬚","9B1A"
"颓","9893","頹","9839"
"颓","9893","頽","983D"
"颜","989C","顏","984F"
"颜","989C","顔","9854"
"饼","997C","餅","9905"
"饼","997C","餠","9920"
"馕","9995","饟","995F"
"馕","9995","饢","9962"
"骂","9A82","罵","7F75"
"骂","9A82","駡","99E1"
"鳄","9CC4","鰐","9C10"
"鳄","9CC4","鱷","9C77"
"鳌","9CCC","鰲","9C32"
"鳌","9CCC","鼇","9F07"
"鸡","9E21","雞","96DE"
"鸡","9E21","鷄","9DC4"
"鸾","9E3E","鵉","9D49"
"鸾","9E3E","鸞","9E1E"
"鹚","9E5A","鶿","9DBF"
"鹚","9E5A","鷀","9DC0"
